Source,Target,Label
1,2,85186762736
3,2,85186758463
3,4,85186758463
2,4,85186758463
5,2,85179509154
6,2,85176018163
6,7,85176018163
6,8,85176018163
2,7,85176018163
2,8,85176018163
7,8,85176018163
9,10,85176010920
9,2,85176010920
10,2,85176010920
9,11,85175988020
9,2,85175988020
11,2,85175988020
12,13,85148042208
12,5,85148042208
12,9,85148042208
12,14,85148042208
12,2,85148042208
13,5,85148042208
13,9,85148042208
13,14,85148042208
13,2,85148042208
5,9,85148042208
5,14,85148042208
5,2,85148042208
9,14,85148042208
9,2,85148042208
14,2,85148042208
15,16,85130294087
15,2,85130294087
15,17,85130294087
16,2,85130294087
16,17,85130294087
2,17,85130294087
2,4,85103262038
2,18,85103262038
2,19,85103262038
4,18,85103262038
4,19,85103262038
18,19,85103262038
20,1,85151329242
20,3,85151329242
20,21,85151329242
20,22,85151329242
20,2,85151329242
1,3,85151329242
1,21,85151329242
1,22,85151329242
1,2,85151329242
3,21,85151329242
3,22,85151329242
3,2,85151329242
21,22,85151329242
21,2,85151329242
22,2,85151329242
23,24,85142717115
23,25,85142717115
23,26,85142717115
23,27,85142717115
23,2,85142717115
24,25,85142717115
24,26,85142717115
24,27,85142717115
24,2,85142717115
25,26,85142717115
25,27,85142717115
25,2,85142717115
26,27,85142717115
26,2,85142717115
27,2,85142717115
28,29,85140788216
28,2,85140788216
29,2,85140788216
30,31,85125403847
30,32,85125403847
30,2,85125403847
31,32,85125403847
31,2,85125403847
32,2,85125403847
33,2,85125286724
29,28,85121646170
29,2,85121646170
28,2,85121646170
30,31,85104854964
30,32,85104854964
30,2,85104854964
31,32,85104854964
31,2,85104854964
32,2,85104854964
2,4,85041005603
2,34,85041005603
2,19,85041005603
4,34,85041005603
4,19,85041005603
34,19,85041005603
2,18,85054935548
2,4,85054935548
2,19,85054935548
18,4,85054935548
18,19,85054935548
4,19,85054935548
35,36,85063135697
35,37,85063135697
35,38,85063135697
35,2,85063135697
35,39,85063135697
35,19,85063135697
35,4,85063135697
36,37,85063135697
36,38,85063135697
36,2,85063135697
36,39,85063135697
36,19,85063135697
36,4,85063135697
37,38,85063135697
37,2,85063135697
37,39,85063135697
37,19,85063135697
37,4,85063135697
38,2,85063135697
38,39,85063135697
38,19,85063135697
38,4,85063135697
2,39,85063135697
2,19,85063135697
2,4,85063135697
39,19,85063135697
39,4,85063135697
19,4,85063135697
40,41,85191756511
40,42,85191756511
40,43,85191756511
40,44,85191756511
41,42,85191756511
41,43,85191756511
41,44,85191756511
42,43,85191756511
42,44,85191756511
43,44,85191756511
45,46,85176002250
45,14,85176002250
45,42,85176002250
46,14,85176002250
46,42,85176002250
14,42,85176002250
24,42,85175953748
43,40,85166781074
43,42,85166781074
40,42,85166781074
47,42,85142473941
47,48,85142473941
47,49,85142473941
42,48,85142473941
42,49,85142473941
48,49,85142473941
44,50,85144200197
44,3,85144200197
44,51,85144200197
44,42,85144200197
50,3,85144200197
50,51,85144200197
50,42,85144200197
3,51,85144200197
3,42,85144200197
51,42,85144200197
40,41,85115863696
40,42,85115863696
40,43,85115863696
41,42,85115863696
41,43,85115863696
42,43,85115863696
40,42,85090602536
40,43,85090602536
42,43,85090602536
52,53,85126818808
52,42,85126818808
52,54,85126818808
52,55,85126818808
52,56,85126818808
52,57,85126818808
53,42,85126818808
53,54,85126818808
53,55,85126818808
53,56,85126818808
53,57,85126818808
42,54,85126818808
42,55,85126818808
42,56,85126818808
42,57,85126818808
54,55,85126818808
54,56,85126818808
54,57,85126818808
55,56,85126818808
55,57,85126818808
56,57,85126818808
58,59,85112606579
58,60,85112606579
58,61,85112606579
58,62,85112606579
58,42,85112606579
59,60,85112606579
59,61,85112606579
59,62,85112606579
59,42,85112606579
60,61,85112606579
60,62,85112606579
60,42,85112606579
61,62,85112606579
61,42,85112606579
62,42,85112606579
47,63,85094621883
47,42,85094621883
47,64,85094621883
63,42,85094621883
63,64,85094621883
42,64,85094621883
41,42,85094569019
41,65,85094569019
41,51,85094569019
42,65,85094569019
42,51,85094569019
65,51,85094569019
43,63,85097268370
43,47,85097268370
43,42,85097268370
63,47,85097268370
63,42,85097268370
47,42,85097268370
66,67,85082140804
66,42,85082140804
67,42,85082140804
40,44,85083089114
40,42,85083089114
40,62,85083089114
40,60,85083089114
44,42,85083089114
44,62,85083089114
44,60,85083089114
42,62,85083089114
42,60,85083089114
62,60,85083089114
68,62,85006085494
68,42,85006085494
68,60,85006085494
68,69,85006085494
62,42,85006085494
62,60,85006085494
62,69,85006085494
42,60,85006085494
42,69,85006085494
60,69,85006085494
42,70,85007470569
42,62,84955313916
42,62,84908474515
42,62,84927144609
42,62,84899076098
42,62,80054755770
42,71,80054755770
42,72,80054755770
62,71,80054755770
62,72,80054755770
71,72,80054755770
13,73,85184029623
13,74,85184029623
13,75,85184029623
13,11,85184029623
73,74,85184029623
73,75,85184029623
73,11,85184029623
74,75,85184029623
74,11,85184029623
75,11,85184029623
76,11,85180717661
76,77,85180717661
11,77,85180717661
26,11,85175991750
78,3,85175945151
78,79,85175945151
78,11,85175945151
3,79,85175945151
3,11,85175945151
79,11,85175945151
46,14,85137367581
46,80,85137367581
46,81,85137367581
46,11,85137367581
14,80,85137367581
14,81,85137367581
14,11,85137367581
80,81,85137367581
80,11,85137367581
81,11,85137367581
82,11,85122670149
82,83,85122670149
82,84,85122670149
82,85,85122670149
11,83,85122670149
11,84,85122670149
11,85,85122670149
83,84,85122670149
83,85,85122670149
84,85,85122670149
11,85,85122660970
11,86,85122660970
85,86,85122660970
77,11,85151326273
77,43,85151326273
77,87,85151326273
11,43,85151326273
11,87,85151326273
43,87,85151326273
88,11,85151325777
88,43,85151325777
11,43,85151325777
25,23,85142736640
25,11,85142736640
23,11,85142736640
20,43,85140725572
20,11,85140725572
43,11,85140725572
89,28,85128925812
89,11,85128925812
28,11,85128925812
12,43,85127056253
12,85,85127056253
12,11,85127056253
43,85,85127056253
43,11,85127056253
85,11,85127056253
90,91,85126194923
90,11,85126194923
91,11,85126194923
92,11,85126193052
92,93,85126193052
92,81,85126193052
11,93,85126193052
11,81,85126193052
93,81,85126193052
94,11,85121375825
82,11,85107636364
82,85,85107636364
11,85,85107636364
95,96,85108700079
95,11,85108700079
95,97,85108700079
95,81,85108700079
96,11,85108700079
96,97,85108700079
96,81,85108700079
11,97,85108700079
11,81,85108700079
97,81,85108700079
12,43,85121588563
12,11,85121588563
43,11,85121588563
11,85,85103565316
11,85,85095707593
11,86,85089305672
11,85,85089305672
86,85,85089305672
11,98,85088295237
11,85,85088295237
98,85,85088295237
11,85,85089307469
11,82,85084074212
11,99,85084074212
11,85,85084074212
82,99,85084074212
82,85,85084074212
99,85,85084074212
11,85,85064980928
11,98,85077812600
11,85,85077812600
98,85,85077812600
11,85,85059447427
11,100,85050497152
11,85,85050497152
11,83,85050497152
100,85,85050497152
100,83,85050497152
85,83,85050497152
11,85,85048530545
11,101,85048530545
85,101,85048530545
102,103,85177785504
102,104,85177785504
103,104,85177785504
77,13,85190408646
77,105,85190408646
77,103,85190408646
77,106,85190408646
13,105,85190408646
13,103,85190408646
13,106,85190408646
105,103,85190408646
105,106,85190408646
103,106,85190408646
107,103,85175975430
103,108,85135233304
103,109,85135233304
108,109,85135233304
103,108,85147923090
103,110,85147923090
103,111,85147923090
108,110,85147923090
108,111,85147923090
110,111,85147923090
112,43,85142425450
112,103,85142425450
43,103,85142425450
113,103,85130256324
113,103,85126197209
103,113,85123304464
103,114,85123304464
103,115,85123304464
113,114,85123304464
113,115,85123304464
114,115,85123304464
113,103,85118659496
113,114,85118659496
113,115,85118659496
103,114,85118659496
103,115,85118659496
114,115,85118659496
103,108,85048593501
103,111,85048593501
108,111,85048593501
103,108,85038249932
103,110,85038249932
103,111,85038249932
108,110,85038249932
108,111,85038249932
110,111,85038249932
103,108,85026361140
103,111,85026361140
108,111,85026361140
103,108,85016020257
103,110,85016020257
103,111,85016020257
108,110,85016020257
108,111,85016020257
110,111,85016020257
103,108,85008257152
103,110,85008257152
103,111,85008257152
108,110,85008257152
108,111,85008257152
110,111,85008257152
116,103,84986005324
116,117,84986005324
116,108,84986005324
116,111,84986005324
103,117,84986005324
103,108,84986005324
103,111,84986005324
117,108,84986005324
117,111,84986005324
108,111,84986005324
103,108,84961743290
103,102,84961743290
103,111,84961743290
108,102,84961743290
108,111,84961743290
102,111,84961743290
103,108,84921873479
103,111,84921873479
108,111,84921873479
13,9,85179765045
13,23,85179765045
13,14,85179765045
13,118,85179765045
13,75,85179765045
9,23,85179765045
9,14,85179765045
9,118,85179765045
9,75,85179765045
23,14,85179765045
23,118,85179765045
23,75,85179765045
14,118,85179765045
14,75,85179765045
118,75,85179765045
118,119,85176468136
118,120,85176468136
118,121,85176468136
118,122,85176468136
118,123,85176468136
119,120,85176468136
119,121,85176468136
119,122,85176468136
119,123,85176468136
120,121,85176468136
120,122,85176468136
120,123,85176468136
121,122,85176468136
121,123,85176468136
122,123,85176468136
124,120,85171480744
124,125,85171480744
124,118,85171480744
124,126,85171480744
120,125,85171480744
120,118,85171480744
120,126,85171480744
125,118,85171480744
125,126,85171480744
118,126,85171480744
118,120,85132912978
127,118,85135049986
127,120,85135049986
118,120,85135049986
118,120,85133614838
118,128,85133614838
118,129,85133614838
120,128,85133614838
120,129,85133614838
128,129,85133614838
118,120,85089170148
118,130,85089170148
120,130,85089170148
118,127,85054891996
118,120,85054891996
118,131,85054891996
118,132,85054891996
127,120,85054891996
127,131,85054891996
127,132,85054891996
120,131,85054891996
120,132,85054891996
131,132,85054891996
127,118,85042430386
127,120,85042430386
127,133,85042430386
127,131,85042430386
118,120,85042430386
118,133,85042430386
118,131,85042430386
120,133,85042430386
120,131,85042430386
133,131,85042430386
118,127,85031433055
118,120,85031433055
118,131,85031433055
127,120,85031433055
127,131,85031433055
120,131,85031433055
134,135,85166429934
134,136,85166429934
134,137,85166429934
134,138,85166429934
134,139,85166429934
134,140,85166429934
134,141,85166429934
135,136,85166429934
135,137,85166429934
135,138,85166429934
135,139,85166429934
135,140,85166429934
135,141,85166429934
136,137,85166429934
136,138,85166429934
136,139,85166429934
136,140,85166429934
136,141,85166429934
137,138,85166429934
137,139,85166429934
137,140,85166429934
137,141,85166429934
138,139,85166429934
138,140,85166429934
138,141,85166429934
139,140,85166429934
139,141,85166429934
140,141,85166429934
142,143,85166328931
142,144,85166328931
142,139,85166328931
142,145,85166328931
142,146,85166328931
142,147,85166328931
143,144,85166328931
143,139,85166328931
143,145,85166328931
143,146,85166328931
143,147,85166328931
144,139,85166328931
144,145,85166328931
144,146,85166328931
144,147,85166328931
139,145,85166328931
139,146,85166328931
139,147,85166328931
145,146,85166328931
145,147,85166328931
146,147,85166328931
148,149,85115079233
148,150,85115079233
148,139,85115079233
148,151,85115079233
149,150,85115079233
149,139,85115079233
149,151,85115079233
150,139,85115079233
150,151,85115079233
139,151,85115079233
152,139,85121269568
152,153,85121269568
152,154,85121269568
152,155,85121269568
139,153,85121269568
139,154,85121269568
139,155,85121269568
153,154,85121269568
153,155,85121269568
154,155,85121269568
150,156,85111031807
150,148,85111031807
150,139,85111031807
150,157,85111031807
150,151,85111031807
156,148,85111031807
156,139,85111031807
156,157,85111031807
156,151,85111031807
148,139,85111031807
148,157,85111031807
148,151,85111031807
139,157,85111031807
139,151,85111031807
157,151,85111031807
158,159,85107702076
158,139,85107702076
159,139,85107702076
160,161,85097049656
160,162,85097049656
160,163,85097049656
160,164,85097049656
160,165,85097049656
160,166,85097049656
160,167,85097049656
160,168,85097049656
160,139,85097049656
160,169,85097049656
161,162,85097049656
161,163,85097049656
161,164,85097049656
161,165,85097049656
161,166,85097049656
161,167,85097049656
161,168,85097049656
161,139,85097049656
161,169,85097049656
162,163,85097049656
162,164,85097049656
162,165,85097049656
162,166,85097049656
162,167,85097049656
162,168,85097049656
162,139,85097049656
162,169,85097049656
163,164,85097049656
163,165,85097049656
163,166,85097049656
163,167,85097049656
163,168,85097049656
163,139,85097049656
163,169,85097049656
164,165,85097049656
164,166,85097049656
164,167,85097049656
164,168,85097049656
164,139,85097049656
164,169,85097049656
165,166,85097049656
165,167,85097049656
165,168,85097049656
165,139,85097049656
165,169,85097049656
166,167,85097049656
166,168,85097049656
166,139,85097049656
166,169,85097049656
167,168,85097049656
167,139,85097049656
167,169,85097049656
168,139,85097049656
168,169,85097049656
139,169,85097049656
150,148,85124875159
150,139,85124875159
150,151,85124875159
148,139,85124875159
148,151,85124875159
139,151,85124875159
158,170,85067669968
158,171,85067669968
158,172,85067669968
158,139,85067669968
170,171,85067669968
170,172,85067669968
170,139,85067669968
171,172,85067669968
171,139,85067669968
172,139,85067669968
173,139,85079744231
173,169,85079744231
139,169,85079744231
174,175,85043585807
174,176,85043585807
174,177,85043585807
174,139,85043585807
174,142,85043585807
175,176,85043585807
175,177,85043585807
175,139,85043585807
175,142,85043585807
176,177,85043585807
176,139,85043585807
176,142,85043585807
177,139,85043585807
177,142,85043585807
139,142,85043585807
158,178,84893824397
158,179,84893824397
158,147,84893824397
158,139,84893824397
158,171,84893824397
158,170,84893824397
178,179,84893824397
178,147,84893824397
178,139,84893824397
178,171,84893824397
178,170,84893824397
179,147,84893824397
179,139,84893824397
179,171,84893824397
179,170,84893824397
147,139,84893824397
147,171,84893824397
147,170,84893824397
139,171,84893824397
139,170,84893824397
171,170,84893824397
139,180,84878189239
139,181,84878189239
139,182,84878189239
139,183,84878189239
139,184,84878189239
180,181,84878189239
180,182,84878189239
180,183,84878189239
180,184,84878189239
181,182,84878189239
181,183,84878189239
181,184,84878189239
182,183,84878189239
182,184,84878189239
183,184,84878189239
185,181,67649886835
185,182,67649886835
185,139,67649886835
185,186,67649886835
185,187,67649886835
185,184,67649886835
181,182,67649886835
181,139,67649886835
181,186,67649886835
181,187,67649886835
181,184,67649886835
182,139,67649886835
182,186,67649886835
182,187,67649886835
182,184,67649886835
139,186,67649886835
139,187,67649886835
139,184,67649886835
186,187,67649886835
186,184,67649886835
187,184,67649886835
188,189,85183344144
188,190,85183344144
188,191,85183344144
188,192,85183344144
188,193,85183344144
188,194,85183344144
188,195,85183344144
189,190,85183344144
189,191,85183344144
189,192,85183344144
189,193,85183344144
189,194,85183344144
189,195,85183344144
190,191,85183344144
190,192,85183344144
190,193,85183344144
190,194,85183344144
190,195,85183344144
191,192,85183344144
191,193,85183344144
191,194,85183344144
191,195,85183344144
192,193,85183344144
192,194,85183344144
192,195,85183344144
193,194,85183344144
193,195,85183344144
194,195,85183344144
196,197,85166241171
196,198,85166241171
196,193,85166241171
197,198,85166241171
197,193,85166241171
198,193,85166241171
199,200,85163635156
199,193,85163635156
199,198,85163635156
200,193,85163635156
200,198,85163635156
193,198,85163635156
201,202,85152206403
201,203,85152206403
201,204,85152206403
201,205,85152206403
201,206,85152206403
201,193,85152206403
202,203,85152206403
202,204,85152206403
202,205,85152206403
202,206,85152206403
202,193,85152206403
203,204,85152206403
203,205,85152206403
203,206,85152206403
203,193,85152206403
204,205,85152206403
204,206,85152206403
204,193,85152206403
205,206,85152206403
205,193,85152206403
206,193,85152206403
207,208,85138695494
207,209,85138695494
207,210,85138695494
207,193,85138695494
208,209,85138695494
208,210,85138695494
208,193,85138695494
209,210,85138695494
209,193,85138695494
210,193,85138695494
211,208,85151167849
211,206,85151167849
211,209,85151167849
211,210,85151167849
211,205,85151167849
211,193,85151167849
208,206,85151167849
208,209,85151167849
208,210,85151167849
208,205,85151167849
208,193,85151167849
206,209,85151167849
206,210,85151167849
206,205,85151167849
206,193,85151167849
209,210,85151167849
209,205,85151167849
209,193,85151167849
210,205,85151167849
210,193,85151167849
205,193,85151167849
212,213,85173485095
212,193,85173485095
212,214,85173485095
213,193,85173485095
213,214,85173485095
193,214,85173485095
215,193,85163591010
215,216,85163591010
193,216,85163591010
217,218,85163022794
217,219,85163022794
217,220,85163022794
217,206,85163022794
217,193,85163022794
218,219,85163022794
218,220,85163022794
218,206,85163022794
218,193,85163022794
219,220,85163022794
219,206,85163022794
219,193,85163022794
220,206,85163022794
220,193,85163022794
206,193,85163022794
221,208,85146232350
221,219,85146232350
221,193,85146232350
208,219,85146232350
208,193,85146232350
219,193,85146232350
222,223,85135950534
222,224,85135950534
222,193,85135950534
222,225,85135950534
223,224,85135950534
223,193,85135950534
223,225,85135950534
224,193,85135950534
224,225,85135950534
193,225,85135950534
223,222,85134263431
223,193,85134263431
223,226,85134263431
223,224,85134263431
223,227,85134263431
223,228,85134263431
223,225,85134263431
222,193,85134263431
222,226,85134263431
222,224,85134263431
222,227,85134263431
222,228,85134263431
222,225,85134263431
193,226,85134263431
193,224,85134263431
193,227,85134263431
193,228,85134263431
193,225,85134263431
226,224,85134263431
226,227,85134263431
226,228,85134263431
226,225,85134263431
224,227,85134263431
224,228,85134263431
224,225,85134263431
227,228,85134263431
227,225,85134263431
228,225,85134263431
226,229,85129844953
226,230,85129844953
226,231,85129844953
226,193,85129844953
229,230,85129844953
229,231,85129844953
229,193,85129844953
230,231,85129844953
230,193,85129844953
231,193,85129844953
226,232,85127723312
226,223,85127723312
226,233,85127723312
226,234,85127723312
226,193,85127723312
232,223,85127723312
232,233,85127723312
232,234,85127723312
232,193,85127723312
223,233,85127723312
223,234,85127723312
223,193,85127723312
233,234,85127723312
233,193,85127723312
234,193,85127723312
235,236,85123617740
235,237,85123617740
235,238,85123617740
235,193,85123617740
236,237,85123617740
236,238,85123617740
236,193,85123617740
237,238,85123617740
237,193,85123617740
238,193,85123617740
239,240,85132523210
239,241,85132523210
239,242,85132523210
239,243,85132523210
239,244,85132523210
239,193,85132523210
239,202,85132523210
240,241,85132523210
240,242,85132523210
240,243,85132523210
240,244,85132523210
240,193,85132523210
240,202,85132523210
241,242,85132523210
241,243,85132523210
241,244,85132523210
241,193,85132523210
241,202,85132523210
242,243,85132523210
242,244,85132523210
242,193,85132523210
242,202,85132523210
243,244,85132523210
243,193,85132523210
243,202,85132523210
244,193,85132523210
244,202,85132523210
193,202,85132523210
245,246,85129027881
245,193,85129027881
246,193,85129027881
226,232,85121588419
226,233,85121588419
226,231,85121588419
226,193,85121588419
232,233,85121588419
232,231,85121588419
232,193,85121588419
233,231,85121588419
233,193,85121588419
231,193,85121588419
247,223,85111946060
247,248,85111946060
247,193,85111946060
247,249,85111946060
247,225,85111946060
223,248,85111946060
223,193,85111946060
223,249,85111946060
223,225,85111946060
248,193,85111946060
248,249,85111946060
248,225,85111946060
193,249,85111946060
193,225,85111946060
249,225,85111946060
250,223,85106926571
250,193,85106926571
250,251,85106926571
250,249,85106926571
250,225,85106926571
223,193,85106926571
223,251,85106926571
223,249,85106926571
223,225,85106926571
193,251,85106926571
193,249,85106926571
193,225,85106926571
251,249,85106926571
251,225,85106926571
249,225,85106926571
208,252,85102646623
208,193,85102646623
252,193,85102646623
253,197,85106723031
253,193,85106723031
197,193,85106723031
216,206,85094950733
216,254,85094950733
216,208,85094950733
216,193,85094950733
206,254,85094950733
206,208,85094950733
206,193,85094950733
254,208,85094950733
254,193,85094950733
208,193,85094950733
255,208,85090963194
255,256,85090963194
255,257,85090963194
255,193,85090963194
208,256,85090963194
208,257,85090963194
208,193,85090963194
256,257,85090963194
256,193,85090963194
257,193,85090963194
256,258,85090201256
256,193,85090201256
256,208,85090201256
258,193,85090201256
258,208,85090201256
193,208,85090201256
197,193,85089393722
197,206,85089393722
197,259,85089393722
197,260,85089393722
197,261,85089393722
197,262,85089393722
197,263,85089393722
197,264,85089393722
197,265,85089393722
193,206,85089393722
193,259,85089393722
193,260,85089393722
193,261,85089393722
193,262,85089393722
193,263,85089393722
193,264,85089393722
193,265,85089393722
206,259,85089393722
206,260,85089393722
206,261,85089393722
206,262,85089393722
206,263,85089393722
206,264,85089393722
206,265,85089393722
259,260,85089393722
259,261,85089393722
259,262,85089393722
259,263,85089393722
259,264,85089393722
259,265,85089393722
260,261,85089393722
260,262,85089393722
260,263,85089393722
260,264,85089393722
260,265,85089393722
261,262,85089393722
261,263,85089393722
261,264,85089393722
261,265,85089393722
262,263,85089393722
262,264,85089393722
262,265,85089393722
263,264,85089393722
263,265,85089393722
264,265,85089393722
266,223,85087656011
266,193,85087656011
266,267,85087656011
266,225,85087656011
223,193,85087656011
223,267,85087656011
223,225,85087656011
193,267,85087656011
193,225,85087656011
267,225,85087656011
268,269,85081291466
268,264,85081291466
268,270,85081291466
268,271,85081291466
268,272,85081291466
268,193,85081291466
268,265,85081291466
269,264,85081291466
269,270,85081291466
269,271,85081291466
269,272,85081291466
269,193,85081291466
269,265,85081291466
264,270,85081291466
264,271,85081291466
264,272,85081291466
264,193,85081291466
264,265,85081291466
270,271,85081291466
270,272,85081291466
270,193,85081291466
270,265,85081291466
271,272,85081291466
271,193,85081291466
271,265,85081291466
272,193,85081291466
272,265,85081291466
193,265,85081291466
273,223,85077534667
273,193,85077534667
273,267,85077534667
273,226,85077534667
273,197,85077534667
273,225,85077534667
223,193,85077534667
223,267,85077534667
223,226,85077534667
223,197,85077534667
223,225,85077534667
193,267,85077534667
193,226,85077534667
193,197,85077534667
193,225,85077534667
267,226,85077534667
267,197,85077534667
267,225,85077534667
226,197,85077534667
226,225,85077534667
197,225,85077534667
274,275,85076303974
274,276,85076303974
274,193,85076303974
274,277,85076303974
274,278,85076303974
274,279,85076303974
274,280,85076303974
275,276,85076303974
275,193,85076303974
275,277,85076303974
275,278,85076303974
275,279,85076303974
275,280,85076303974
276,193,85076303974
276,277,85076303974
276,278,85076303974
276,279,85076303974
276,280,85076303974
193,277,85076303974
193,278,85076303974
193,279,85076303974
193,280,85076303974
277,278,85076303974
277,279,85076303974
277,280,85076303974
278,279,85076303974
278,280,85076303974
279,280,85076303974
274,278,85064269143
274,276,85064269143
274,193,85064269143
274,277,85064269143
274,280,85064269143
278,276,85064269143
278,193,85064269143
278,277,85064269143
278,280,85064269143
276,193,85064269143
276,277,85064269143
276,280,85064269143
193,277,85064269143
193,280,85064269143
277,280,85064269143
258,208,85061274528
258,256,85061274528
258,281,85061274528
258,282,85061274528
258,283,85061274528
258,193,85061274528
208,256,85061274528
208,281,85061274528
208,282,85061274528
208,283,85061274528
208,193,85061274528
256,281,85061274528
256,282,85061274528
256,283,85061274528
256,193,85061274528
281,282,85061274528
281,283,85061274528
281,193,85061274528
282,283,85061274528
282,193,85061274528
283,193,85061274528
223,247,85145623010
223,193,85145623010
223,226,85145623010
223,284,85145623010
223,225,85145623010
247,193,85145623010
247,226,85145623010
247,284,85145623010
247,225,85145623010
193,226,85145623010
193,284,85145623010
193,225,85145623010
226,284,85145623010
226,225,85145623010
284,225,85145623010
285,193,85055522796
285,238,85055522796
193,238,85055522796
250,286,85052745704
250,248,85052745704
250,287,85052745704
250,225,85052745704
250,288,85052745704
250,289,85052745704
250,290,85052745704
250,193,85052745704
250,223,85052745704
286,248,85052745704
286,287,85052745704
286,225,85052745704
286,288,85052745704
286,289,85052745704
286,290,85052745704
286,193,85052745704
286,223,85052745704
248,287,85052745704
248,225,85052745704
248,288,85052745704
248,289,85052745704
248,290,85052745704
248,193,85052745704
248,223,85052745704
287,225,85052745704
287,288,85052745704
287,289,85052745704
287,290,85052745704
287,193,85052745704
287,223,85052745704
225,288,85052745704
225,289,85052745704
225,290,85052745704
225,193,85052745704
225,223,85052745704
288,289,85052745704
288,290,85052745704
288,193,85052745704
288,223,85052745704
289,290,85052745704
289,193,85052745704
289,223,85052745704
290,193,85052745704
290,223,85052745704
193,223,85052745704
258,208,85034985806
258,256,85034985806
258,193,85034985806
208,256,85034985806
208,193,85034985806
256,193,85034985806
193,291,85037616513
193,203,85037616513
193,292,85037616513
193,293,85037616513
193,261,85037616513
193,294,85037616513
193,231,85037616513
291,203,85037616513
291,292,85037616513
291,293,85037616513
291,261,85037616513
291,294,85037616513
291,231,85037616513
203,292,85037616513
203,293,85037616513
203,261,85037616513
203,294,85037616513
203,231,85037616513
292,293,85037616513
292,261,85037616513
292,294,85037616513
292,231,85037616513
293,261,85037616513
293,294,85037616513
293,231,85037616513
261,294,85037616513
261,231,85037616513
294,231,85037616513
193,295,85028468163
193,296,85028468163
193,297,85028468163
193,298,85028468163
193,299,85028468163
193,238,85028468163
193,231,85028468163
295,296,85028468163
295,297,85028468163
295,298,85028468163
295,299,85028468163
295,238,85028468163
295,231,85028468163
296,297,85028468163
296,298,85028468163
296,299,85028468163
296,238,85028468163
296,231,85028468163
297,298,85028468163
297,299,85028468163
297,238,85028468163
297,231,85028468163
298,299,85028468163
298,238,85028468163
298,231,85028468163
299,238,85028468163
299,231,85028468163
238,231,85028468163
300,301,85053724272
300,302,85053724272
300,303,85053724272
300,304,85053724272
300,193,85053724272
301,302,85053724272
301,303,85053724272
301,304,85053724272
301,193,85053724272
302,303,85053724272
302,304,85053724272
302,193,85053724272
303,304,85053724272
303,193,85053724272
304,193,85053724272
208,256,85018325864
208,193,85018325864
256,193,85018325864
208,274,85017457541
208,305,85017457541
208,231,85017457541
208,193,85017457541
274,305,85017457541
274,231,85017457541
274,193,85017457541
305,231,85017457541
305,193,85017457541
231,193,85017457541
306,193,84990924595
234,307,85005992550
234,308,85005992550
234,309,85005992550
234,193,85005992550
307,308,85005992550
307,309,85005992550
307,193,85005992550
308,309,85005992550
308,193,85005992550
309,193,85005992550
310,311,85014646471
310,312,85014646471
310,193,85014646471
311,312,85014646471
311,193,85014646471
312,193,85014646471
313,314,84981727572
313,198,84981727572
313,315,84981727572
313,193,84981727572
313,316,84981727572
314,198,84981727572
314,315,84981727572
314,193,84981727572
314,316,84981727572
198,315,84981727572
198,193,84981727572
198,316,84981727572
315,193,84981727572
315,316,84981727572
193,316,84981727572
306,193,84978050005
300,301,84955122404
300,302,84955122404
300,303,84955122404
300,304,84955122404
300,193,84955122404
301,302,84955122404
301,303,84955122404
301,304,84955122404
301,193,84955122404
302,303,84955122404
302,304,84955122404
302,193,84955122404
303,304,84955122404
303,193,84955122404
304,193,84955122404
317,318,85013443453
317,193,85013443453
317,305,85013443453
317,319,85013443453
317,320,85013443453
317,321,85013443453
318,193,85013443453
318,305,85013443453
318,319,85013443453
318,320,85013443453
318,321,85013443453
193,305,85013443453
193,319,85013443453
193,320,85013443453
193,321,85013443453
305,319,85013443453
305,320,85013443453
305,321,85013443453
319,320,85013443453
319,321,85013443453
320,321,85013443453
322,323,85013442831
322,324,85013442831
322,325,85013442831
322,193,85013442831
322,326,85013442831
323,324,85013442831
323,325,85013442831
323,193,85013442831
323,326,85013442831
324,325,85013442831
324,193,85013442831
324,326,85013442831
325,193,85013442831
325,326,85013442831
193,326,85013442831
327,328,84971577824
327,329,84971577824
327,330,84971577824
327,331,84971577824
327,193,84971577824
328,329,84971577824
328,330,84971577824
328,331,84971577824
328,193,84971577824
329,330,84971577824
329,331,84971577824
329,193,84971577824
330,331,84971577824
330,193,84971577824
331,193,84971577824
332,193,84944352110
332,238,84944352110
332,333,84944352110
332,334,84944352110
332,335,84944352110
332,336,84944352110
332,337,84944352110
332,293,84944352110
193,238,84944352110
193,333,84944352110
193,334,84944352110
193,335,84944352110
193,336,84944352110
193,337,84944352110
193,293,84944352110
238,333,84944352110
238,334,84944352110
238,335,84944352110
238,336,84944352110
238,337,84944352110
238,293,84944352110
333,334,84944352110
333,335,84944352110
333,336,84944352110
333,337,84944352110
333,293,84944352110
334,335,84944352110
334,336,84944352110
334,337,84944352110
334,293,84944352110
335,336,84944352110
335,337,84944352110
335,293,84944352110
336,337,84944352110
336,293,84944352110
337,293,84944352110
317,318,84944716501
317,319,84944716501
317,193,84944716501
317,338,84944716501
317,320,84944716501
317,321,84944716501
318,319,84944716501
318,193,84944716501
318,338,84944716501
318,320,84944716501
318,321,84944716501
319,193,84944716501
319,338,84944716501
319,320,84944716501
319,321,84944716501
193,338,84944716501
193,320,84944716501
193,321,84944716501
338,320,84944716501
338,321,84944716501
320,321,84944716501
339,340,85082361445
339,193,85082361445
340,193,85082361445
332,334,85050061727
332,333,85050061727
332,193,85050061727
334,333,85050061727
334,193,85050061727
333,193,85050061727
341,333,84923100524
341,193,84923100524
341,342,84923100524
341,334,84923100524
341,343,84923100524
333,193,84923100524
333,342,84923100524
333,334,84923100524
333,343,84923100524
193,342,84923100524
193,334,84923100524
193,343,84923100524
342,334,84923100524
342,343,84923100524
334,343,84923100524
344,345,84926171804
344,346,84926171804
344,193,84926171804
344,347,84926171804
345,346,84926171804
345,193,84926171804
345,347,84926171804
346,193,84926171804
346,347,84926171804
193,347,84926171804
234,348,84907525589
234,349,84907525589
234,193,84907525589
348,349,84907525589
348,193,84907525589
349,193,84907525589
300,350,84891822660
300,351,84891822660
300,193,84891822660
300,303,84891822660
350,351,84891822660
350,193,84891822660
350,303,84891822660
351,193,84891822660
351,303,84891822660
193,303,84891822660
352,353,84930801379
352,354,84930801379
352,293,84930801379
352,355,84930801379
352,193,84930801379
353,354,84930801379
353,293,84930801379
353,355,84930801379
353,193,84930801379
354,293,84930801379
354,355,84930801379
354,193,84930801379
293,355,84930801379
293,193,84930801379
355,193,84930801379
356,193,84930391533
356,357,84930391533
356,352,84930391533
356,355,84930391533
193,357,84930391533
193,352,84930391533
193,355,84930391533
357,352,84930391533
357,355,84930391533
352,355,84930391533
334,332,84900031315
334,358,84900031315
334,333,84900031315
334,193,84900031315
332,358,84900031315
332,333,84900031315
332,193,84900031315
358,333,84900031315
358,193,84900031315
333,193,84900031315
359,360,84889245960
359,193,84889245960
360,193,84889245960
361,355,84873310218
361,318,84873310218
361,319,84873310218
361,193,84873310218
361,362,84873310218
361,363,84873310218
361,364,84873310218
355,318,84873310218
355,319,84873310218
355,193,84873310218
355,362,84873310218
355,363,84873310218
355,364,84873310218
318,319,84873310218
318,193,84873310218
318,362,84873310218
318,363,84873310218
318,364,84873310218
319,193,84873310218
319,362,84873310218
319,363,84873310218
319,364,84873310218
193,362,84873310218
193,363,84873310218
193,364,84873310218
362,363,84873310218
362,364,84873310218
363,364,84873310218
333,193,84882259221
333,341,84882259221
333,334,84882259221
333,343,84882259221
193,341,84882259221
193,334,84882259221
193,343,84882259221
341,334,84882259221
341,343,84882259221
334,343,84882259221
295,193,84874537949
338,193,84871717807
338,365,84871717807
338,318,84871717807
338,297,84871717807
338,362,84871717807
338,366,84871717807
338,367,84871717807
338,319,84871717807
193,365,84871717807
193,318,84871717807
193,297,84871717807
193,362,84871717807
193,366,84871717807
193,367,84871717807
193,319,84871717807
365,318,84871717807
365,297,84871717807
365,362,84871717807
365,366,84871717807
365,367,84871717807
365,319,84871717807
318,297,84871717807
318,362,84871717807
318,366,84871717807
318,367,84871717807
318,319,84871717807
297,362,84871717807
297,366,84871717807
297,367,84871717807
297,319,84871717807
362,366,84871717807
362,367,84871717807
362,319,84871717807
366,367,84871717807
366,319,84871717807
367,319,84871717807
341,333,84879247742
341,193,84879247742
341,342,84879247742
341,334,84879247742
341,343,84879247742
333,193,84879247742
333,342,84879247742
333,334,84879247742
333,343,84879247742
193,342,84879247742
193,334,84879247742
193,343,84879247742
342,334,84879247742
342,343,84879247742
334,343,84879247742
332,333,84872326983
332,334,84872326983
332,193,84872326983
332,343,84872326983
333,334,84872326983
333,193,84872326983
333,343,84872326983
334,193,84872326983
334,343,84872326983
193,343,84872326983
368,193,84870430337
368,303,84870430337
368,300,84870430337
193,303,84870430337
193,300,84870430337
303,300,84870430337
339,340,84892397779
339,193,84892397779
340,193,84892397779
369,370,84892382526
369,371,84892382526
369,372,84892382526
369,373,84892382526
369,193,84892382526
370,371,84892382526
370,372,84892382526
370,373,84892382526
370,193,84892382526
371,372,84892382526
371,373,84892382526
371,193,84892382526
372,373,84892382526
372,193,84892382526
373,193,84892382526
374,375,84877974641
374,193,84877974641
374,376,84877974641
375,193,84877974641
375,376,84877974641
193,376,84877974641
333,377,84874225778
333,193,84874225778
377,193,84874225778
193,378,84874126389
379,372,84872925417
379,193,84872925417
379,380,84872925417
372,193,84872925417
372,380,84872925417
193,380,84872925417
333,193,84872417754
333,381,84872417754
193,381,84872417754
332,334,84872407739
332,333,84872407739
332,335,84872407739
332,193,84872407739
334,333,84872407739
334,335,84872407739
334,193,84872407739
333,335,84872407739
333,193,84872407739
335,193,84872407739
193,333,84872368229
193,341,84872368229
333,341,84872368229
382,283,84865685467
382,193,84865685467
283,193,84865685467
383,384,84863919546
383,193,84863919546
383,385,84863919546
383,386,84863919546
383,387,84863919546
383,388,84863919546
383,389,84863919546
384,193,84863919546
384,385,84863919546
384,386,84863919546
384,387,84863919546
384,388,84863919546
384,389,84863919546
193,385,84863919546
193,386,84863919546
193,387,84863919546
193,388,84863919546
193,389,84863919546
385,386,84863919546
385,387,84863919546
385,388,84863919546
385,389,84863919546
386,387,84863919546
386,388,84863919546
386,389,84863919546
387,388,84863919546
387,389,84863919546
388,389,84863919546
390,193,84858146936
390,293,84858146936
193,293,84858146936
193,333,84855778766
193,332,84855778766
193,358,84855778766
193,325,84855778766
193,319,84855778766
333,332,84855778766
333,358,84855778766
333,325,84855778766
333,319,84855778766
332,358,84855778766
332,325,84855778766
332,319,84855778766
358,325,84855778766
358,319,84855778766
325,319,84855778766
383,384,84902256942
383,193,84902256942
383,385,84902256942
383,386,84902256942
383,387,84902256942
383,388,84902256942
383,389,84902256942
384,193,84902256942
384,385,84902256942
384,386,84902256942
384,387,84902256942
384,388,84902256942
384,389,84902256942
193,385,84902256942
193,386,84902256942
193,387,84902256942
193,388,84902256942
193,389,84902256942
385,386,84902256942
385,387,84902256942
385,388,84902256942
385,389,84902256942
386,387,84902256942
386,388,84902256942
386,389,84902256942
387,388,84902256942
387,389,84902256942
388,389,84902256942
212,391,84861141776
212,213,84861141776
212,392,84861141776
212,193,84861141776
212,238,84861141776
391,213,84861141776
391,392,84861141776
391,193,84861141776
391,238,84861141776
213,392,84861141776
213,193,84861141776
213,238,84861141776
392,193,84861141776
392,238,84861141776
193,238,84861141776
368,193,84861120374
368,303,84861120374
368,300,84861120374
193,303,84861120374
193,300,84861120374
303,300,84861120374
384,385,84861119677
384,386,84861119677
384,387,84861119677
384,388,84861119677
384,389,84861119677
384,193,84861119677
384,383,84861119677
385,386,84861119677
385,387,84861119677
385,388,84861119677
385,389,84861119677
385,193,84861119677
385,383,84861119677
386,387,84861119677
386,388,84861119677
386,389,84861119677
386,193,84861119677
386,383,84861119677
387,388,84861119677
387,389,84861119677
387,193,84861119677
387,383,84861119677
388,389,84861119677
388,193,84861119677
388,383,84861119677
389,193,84861119677
389,383,84861119677
193,383,84861119677
338,193,80052825450
338,390,80052825450
338,365,80052825450
338,393,80052825450
338,362,80052825450
193,390,80052825450
193,365,80052825450
193,393,80052825450
193,362,80052825450
390,365,80052825450
390,393,80052825450
390,362,80052825450
365,393,80052825450
365,362,80052825450
393,362,80052825450
325,193,79959622720
325,394,79959622720
193,394,79959622720
333,395,79751536771
333,396,79751536771
333,334,79751536771
333,193,79751536771
395,396,79751536771
395,334,79751536771
395,193,79751536771
396,334,79751536771
396,193,79751536771
334,193,79751536771
193,397,78449305881
193,295,78449305881
193,315,78449305881
193,360,78449305881
397,295,78449305881
397,315,78449305881
397,360,78449305881
295,315,78449305881
295,360,78449305881
315,360,78449305881
398,399,77955658954
398,400,77955658954
398,401,77955658954
398,402,77955658954
398,325,77955658954
398,193,77955658954
399,400,77955658954
399,401,77955658954
399,402,77955658954
399,325,77955658954
399,193,77955658954
400,401,77955658954
400,402,77955658954
400,325,77955658954
400,193,77955658954
401,402,77955658954
401,325,77955658954
401,193,77955658954
402,325,77955658954
402,193,77955658954
325,193,77955658954
333,193,77954590375
333,334,77954590375
333,343,77954590375
193,334,77954590375
193,343,77954590375
334,343,77954590375
358,334,77954235089
358,333,77954235089
358,403,77954235089
358,404,77954235089
358,193,77954235089
334,333,77954235089
334,403,77954235089
334,404,77954235089
334,193,77954235089
333,403,77954235089
333,404,77954235089
333,193,77954235089
403,404,77954235089
403,193,77954235089
404,193,77954235089
405,406,77954171112
405,193,77954171112
405,407,77954171112
405,297,77954171112
405,408,77954171112
406,193,77954171112
406,407,77954171112
406,297,77954171112
406,408,77954171112
193,407,77954171112
193,297,77954171112
193,408,77954171112
407,297,77954171112
407,408,77954171112
297,408,77954171112
409,410,77951091850
409,193,77951091850
409,319,77951091850
410,193,77951091850
410,319,77951091850
193,319,77951091850
333,411,77950312374
333,193,77950312374
411,193,77950312374
412,413,79960066877
412,193,79960066877
412,414,79960066877
413,193,79960066877
413,414,79960066877
193,414,79960066877
333,193,78650610139
333,411,78650610139
193,411,78650610139
333,395,77951183869
333,396,77951183869
333,415,77951183869
333,334,77951183869
333,193,77951183869
395,396,77951183869
395,415,77951183869
395,334,77951183869
395,193,77951183869
396,415,77951183869
396,334,77951183869
396,193,77951183869
415,334,77951183869
415,193,77951183869
334,193,77951183869
333,396,72949096533
333,395,72949096533
333,334,72949096533
333,193,72949096533
396,395,72949096533
396,334,72949096533
396,193,72949096533
395,334,72949096533
395,193,72949096533
334,193,72949096533
360,193,70749088212
360,397,70749088212
360,295,70749088212
360,315,70749088212
193,397,70749088212
193,295,70749088212
193,315,70749088212
397,295,70749088212
397,315,70749088212
295,315,70749088212
416,417,77951517803
416,418,77951517803
416,319,77951517803
416,193,77951517803
416,419,77951517803
417,418,77951517803
417,319,77951517803
417,193,77951517803
417,419,77951517803
418,319,77951517803
418,193,77951517803
418,419,77951517803
319,193,77951517803
319,419,77951517803
193,419,77951517803
420,193,73949113432
420,421,73949113432
420,422,73949113432
420,423,73949113432
420,238,73949113432
193,421,73949113432
193,422,73949113432
193,423,73949113432
193,238,73949113432
421,422,73949113432
421,423,73949113432
421,238,73949113432
422,423,73949113432
422,238,73949113432
423,238,73949113432
303,424,73849149528
303,414,73849149528
303,193,73849149528
303,300,73849149528
424,414,73849149528
424,193,73849149528
424,300,73849149528
414,193,73849149528
414,300,73849149528
193,300,73849149528
412,413,73849117957
412,404,73849117957
412,193,73849117957
413,404,73849117957
413,193,73849117957
404,193,73849117957
411,193,73149110402
411,333,73149110402
193,333,73149110402
425,426,70549094401
425,193,70549094401
425,427,70549094401
425,428,70549094401
426,193,70549094401
426,427,70549094401
426,428,70549094401
193,427,70549094401
193,428,70549094401
427,428,70549094401
429,360,69349085761
429,193,69349085761
360,193,69349085761
193,295,69249235775
193,430,69249235775
193,429,69249235775
193,315,69249235775
295,430,69249235775
295,429,69249235775
295,315,69249235775
430,429,69249235775
430,315,69249235775
429,315,69249235775
193,297,61849123191
193,431,61849123191
193,432,61849123191
297,431,61849123191
297,432,61849123191
431,432,61849123191
395,333,85076870788
395,433,85076870788
395,396,85076870788
395,334,85076870788
395,193,85076870788
333,433,85076870788
333,396,85076870788
333,334,85076870788
333,193,85076870788
433,396,85076870788
433,334,85076870788
433,193,85076870788
396,334,85076870788
396,193,85076870788
334,193,85076870788
333,396,57849167007
333,434,57849167007
333,395,57849167007
333,334,57849167007
333,193,57849167007
333,435,57849167007
396,434,57849167007
396,395,57849167007
396,334,57849167007
396,193,57849167007
396,435,57849167007
434,395,57849167007
434,334,57849167007
434,193,57849167007
434,435,57849167007
395,334,57849167007
395,193,57849167007
395,435,57849167007
334,193,57849167007
334,435,57849167007
193,435,57849167007
436,437,55649104743
436,438,55649104743
436,193,55649104743
436,439,55649104743
436,440,55649104743
437,438,55649104743
437,193,55649104743
437,439,55649104743
437,440,55649104743
438,193,55649104743
438,439,55649104743
438,440,55649104743
193,439,55649104743
193,440,55649104743
439,440,55649104743
411,193,52249090930
411,333,52249090930
193,333,52249090930
390,441,77955118948
390,193,77955118948
441,193,77955118948
372,442,77955117984
372,193,77955117984
372,443,77955117984
372,380,77955117984
372,444,77955117984
372,445,77955117984
372,446,77955117984
442,193,77955117984
442,443,77955117984
442,380,77955117984
442,444,77955117984
442,445,77955117984
442,446,77955117984
193,443,77955117984
193,380,77955117984
193,444,77955117984
193,445,77955117984
193,446,77955117984
443,380,77955117984
443,444,77955117984
443,445,77955117984
443,446,77955117984
380,444,77955117984
380,445,77955117984
380,446,77955117984
444,445,77955117984
444,446,77955117984
445,446,77955117984
447,448,43549083207
447,449,43549083207
447,193,43549083207
447,450,43549083207
447,451,43549083207
447,452,43549083207
447,453,43549083207
448,449,43549083207
448,193,43549083207
448,450,43549083207
448,451,43549083207
448,452,43549083207
448,453,43549083207
449,193,43549083207
449,450,43549083207
449,451,43549083207
449,452,43549083207
449,453,43549083207
193,450,43549083207
193,451,43549083207
193,452,43549083207
193,453,43549083207
450,451,43549083207
450,452,43549083207
450,453,43549083207
451,452,43549083207
451,453,43549083207
452,453,43549083207
454,455,38949166368
454,385,38949166368
454,384,38949166368
454,387,38949166368
454,193,38949166368
454,319,38949166368
454,456,38949166368
454,383,38949166368
455,385,38949166368
455,384,38949166368
455,387,38949166368
455,193,38949166368
455,319,38949166368
455,456,38949166368
455,383,38949166368
385,384,38949166368
385,387,38949166368
385,193,38949166368
385,319,38949166368
385,456,38949166368
385,383,38949166368
384,387,38949166368
384,193,38949166368
384,319,38949166368
384,456,38949166368
384,383,38949166368
387,193,38949166368
387,319,38949166368
387,456,38949166368
387,383,38949166368
193,319,38949166368
193,456,38949166368
193,383,38949166368
319,456,38949166368
319,383,38949166368
456,383,38949166368
421,422,84902192496
421,238,84902192496
421,420,84902192496
421,193,84902192496
422,238,84902192496
422,420,84902192496
422,193,84902192496
238,420,84902192496
238,193,84902192496
420,193,84902192496
411,333,55349119902
411,193,55349119902
333,193,55349119902
457,193,70549104209
333,458,34547197765
333,334,34547197765
333,193,34547197765
333,459,34547197765
333,460,34547197765
333,319,34547197765
458,334,34547197765
458,193,34547197765
458,459,34547197765
458,460,34547197765
458,319,34547197765
334,193,34547197765
334,459,34547197765
334,460,34547197765
334,319,34547197765
193,459,34547197765
193,460,34547197765
193,319,34547197765
459,460,34547197765
459,319,34547197765
460,319,34547197765
429,193,33947730443
429,390,33947730443
193,390,33947730443
193,461,33947607169
193,390,33947607169
193,315,33947607169
193,295,33947607169
461,390,33947607169
461,315,33947607169
461,295,33947607169
390,315,33947607169
390,295,33947607169
315,295,33947607169
430,193,33947597460
430,390,33947597460
430,449,33947597460
430,360,33947597460
193,390,33947597460
193,449,33947597460
193,360,33947597460
390,449,33947597460
390,360,33947597460
449,360,33947597460
193,295,33947572928
193,315,33947572928
193,390,33947572928
295,315,33947572928
295,390,33947572928
315,390,33947572928
300,462,34147196077
300,463,34147196077
300,193,34147196077
462,463,34147196077
462,193,34147196077
463,193,34147196077
193,455,33947587461
193,464,33947587461
193,465,33947587461
193,466,33947587461
455,464,33947587461
455,465,33947587461
455,466,33947587461
464,465,33947587461
464,466,33947587461
465,466,33947587461
430,193,33847140478
430,390,33847140478
430,449,33847140478
430,360,33847140478
193,390,33847140478
193,449,33847140478
193,360,33847140478
390,449,33847140478
390,360,33847140478
449,360,33847140478
372,467,33751520782
372,193,33751520782
467,193,33751520782
193,295,33748778475
193,315,33748778475
295,315,33748778475
333,334,33646676290
333,458,33646676290
333,193,33646676290
333,459,33646676290
333,468,33646676290
333,460,33646676290
334,458,33646676290
334,193,33646676290
334,459,33646676290
334,468,33646676290
334,460,33646676290
458,193,33646676290
458,459,33646676290
458,468,33646676290
458,460,33646676290
193,459,33646676290
193,468,33646676290
193,460,33646676290
459,468,33646676290
459,460,33646676290
468,460,33646676290
333,334,33244495483
333,469,33244495483
333,470,33244495483
333,471,33244495483
333,395,33244495483
333,193,33244495483
334,469,33244495483
334,470,33244495483
334,471,33244495483
334,395,33244495483
334,193,33244495483
469,470,33244495483
469,471,33244495483
469,395,33244495483
469,193,33244495483
470,471,33244495483
470,395,33244495483
470,193,33244495483
471,395,33244495483
471,193,33244495483
395,193,33244495483
333,334,33244482210
333,193,33244482210
333,469,33244482210
333,470,33244482210
334,193,33244482210
334,469,33244482210
334,470,33244482210
193,469,33244482210
193,470,33244482210
469,470,33244482210
430,193,33644624108
430,390,33644624108
430,315,33644624108
430,333,33644624108
193,390,33644624108
193,315,33644624108
193,333,33644624108
390,315,33644624108
390,333,33644624108
315,333,33644624108
472,473,26844575593
472,474,26844575593
472,193,26844575593
472,475,26844575593
472,387,26844575593
472,476,26844575593
472,383,26844575593
473,474,26844575593
473,193,26844575593
473,475,26844575593
473,387,26844575593
473,476,26844575593
473,383,26844575593
474,193,26844575593
474,475,26844575593
474,387,26844575593
474,476,26844575593
474,383,26844575593
193,475,26844575593
193,387,26844575593
193,476,26844575593
193,383,26844575593
475,387,26844575593
475,476,26844575593
475,383,26844575593
387,476,26844575593
387,383,26844575593
476,383,26844575593
474,193,26844527805
477,193,26844490615
477,478,26844490615
477,283,26844490615
193,478,26844490615
193,283,26844490615
478,283,26844490615
479,333,21644458371
479,334,21644458371
479,469,21644458371
479,470,21644458371
479,193,21644458371
333,334,21644458371
333,469,21644458371
333,470,21644458371
333,193,21644458371
334,469,21644458371
334,470,21644458371
334,193,21644458371
469,470,21644458371
469,193,21644458371
470,193,21644458371
411,193,85141722340
411,333,85141722340
193,333,85141722340
333,334,15544382397
333,193,15544382397
333,469,15544382397
333,470,15544382397
333,480,15544382397
333,481,15544382397
334,193,15544382397
334,469,15544382397
334,470,15544382397
334,480,15544382397
334,481,15544382397
193,469,15544382397
193,470,15544382397
193,480,15544382397
193,481,15544382397
469,470,15544382397
469,480,15544382397
469,481,15544382397
470,480,15544382397
470,481,15544382397
480,481,15544382397
334,470,10044236477
334,469,10044236477
334,193,10044236477
334,333,10044236477
334,482,10044236477
334,483,10044236477
470,469,10044236477
470,193,10044236477
470,333,10044236477
470,482,10044236477
470,483,10044236477
469,193,10044236477
469,333,10044236477
469,482,10044236477
469,483,10044236477
193,333,10044236477
193,482,10044236477
193,483,10044236477
333,482,10044236477
333,483,10044236477
482,483,10044236477
484,485,4544316422
484,193,4544316422
484,319,4544316422
484,486,4544316422
485,193,4544316422
485,319,4544316422
485,486,4544316422
193,319,4544316422
193,486,4544316422
319,486,4544316422
477,193,4544293217
477,478,4544293217
193,478,4544293217
333,334,2442501375
333,193,2442501375
333,469,2442501375
333,470,2442501375
333,480,2442501375
333,487,2442501375
333,488,2442501375
333,489,2442501375
333,490,2442501375
334,193,2442501375
334,469,2442501375
334,470,2442501375
334,480,2442501375
334,487,2442501375
334,488,2442501375
334,489,2442501375
334,490,2442501375
193,469,2442501375
193,470,2442501375
193,480,2442501375
193,487,2442501375
193,488,2442501375
193,489,2442501375
193,490,2442501375
469,470,2442501375
469,480,2442501375
469,487,2442501375
469,488,2442501375
469,489,2442501375
469,490,2442501375
470,480,2442501375
470,487,2442501375
470,488,2442501375
470,489,2442501375
470,490,2442501375
480,487,2442501375
480,488,2442501375
480,489,2442501375
480,490,2442501375
487,488,2442501375
487,489,2442501375
487,490,2442501375
488,489,2442501375
488,490,2442501375
489,490,2442501375
193,464,2042517593
193,473,2042517593
193,491,2042517593
193,492,2042517593
193,465,2042517593
464,473,2042517593
464,491,2042517593
464,492,2042517593
464,465,2042517593
473,491,2042517593
473,492,2042517593
473,465,2042517593
491,492,2042517593
491,465,2042517593
492,465,2042517593
430,390,8744269533
430,193,8744269533
390,193,8744269533
429,390,8744256590
429,193,8744256590
390,193,8744256590
193,295,8644285548
193,315,8644285548
193,390,8644285548
295,315,8644285548
295,390,8644285548
315,390,8644285548
193,441,8644250609
193,295,8644250609
193,315,8644250609
193,390,8644250609
193,493,8644250609
441,295,8644250609
441,315,8644250609
441,390,8644250609
441,493,8644250609
295,315,8644250609
295,390,8644250609
295,493,8644250609
315,390,8644250609
315,493,8644250609
390,493,8644250609
473,193,0142091244
473,465,0142091244
193,465,0142091244
464,193,0142060637
464,491,0142060637
464,494,0142060637
464,492,0142060637
464,465,0142060637
193,491,0142060637
193,494,0142060637
193,492,0142060637
193,465,0142060637
491,494,0142060637
491,492,0142060637
491,465,0142060637
494,492,0142060637
494,465,0142060637
492,465,0142060637
495,372,0036234168
495,496,0036234168
495,326,0036234168
495,193,0036234168
372,496,0036234168
372,326,0036234168
372,193,0036234168
496,326,0036234168
496,193,0036234168
326,193,0036234168
193,315,0036170954
193,295,0036170954
315,295,0036170954
193,429,0036170084
193,390,0036170084
193,497,0036170084
193,498,0036170084
429,390,0036170084
429,497,0036170084
429,498,0036170084
390,497,0036170084
390,498,0036170084
497,498,0036170084
193,429,0036168706
193,390,0036168706
193,430,0036168706
429,390,0036168706
429,430,0036168706
390,430,0036168706
193,499,0035906571
193,500,0035906571
499,500,0035906571
193,429,0035025254
193,390,0035025254
193,360,0035025254
429,390,0035025254
429,360,0035025254
390,360,0035025254
193,295,0035007474
193,315,0035007474
193,390,0035007474
193,360,0035007474
295,315,0035007474
295,390,0035007474
295,360,0035007474
315,390,0035007474
315,360,0035007474
390,360,0035007474
193,295,0034312911
193,315,0034312911
295,315,0034312911
