Source,Target,Label,Conteo
3,2,85186758463|85151329242,2
3,4,85186758463,1
2,4,85186758463|85103262038|85041005603|85054935548|85063135697,5
5,2,85179509154|85148042208,2
6,2,85176018163,1
6,7,85176018163,1
6,8,85176018163,1
2,7,85176018163,1
2,8,85176018163,1
7,8,85176018163,1
9,10,85176010920,1
9,2,85176010920|85175988020|85148042208,3
10,2,85176010920,1
9,11,85175988020,1
11,2,85175988020,1
12,13,85148042208,1
12,5,85148042208,1
12,9,85148042208,1
12,14,85148042208,1
12,2,85148042208,1
13,5,85148042208,1
13,9,85148042208|85179765045,2
13,14,85148042208|85179765045,2
13,2,85148042208,1
5,9,85148042208,1
5,14,85148042208,1
9,14,85148042208|85179765045,2
14,2,85148042208,1
15,16,85130294087,1
15,2,85130294087,1
15,17,85130294087,1
16,2,85130294087,1
16,17,85130294087,1
2,17,85130294087,1
2,18,85103262038|85054935548,2
2,19,85103262038|85041005603|85054935548|85063135697,4
4,18,85103262038,1
4,19,85103262038|85041005603|85054935548,3
18,19,85103262038|85054935548,2
20,1,85151329242,1
20,3,85151329242,1
20,21,85151329242,1
20,22,85151329242,1
20,2,85151329242,1
1,3,85151329242,1
1,21,85151329242,1
1,22,85151329242,1
1,2,85151329242,1
3,21,85151329242,1
3,22,85151329242,1
21,22,85151329242,1
21,2,85151329242,1
22,2,85151329242,1
23,24,85142717115,1
23,25,85142717115,1
23,26,85142717115,1
23,27,85142717115,1
23,2,85142717115,1
24,25,85142717115,1
24,26,85142717115,1
24,27,85142717115,1
24,2,85142717115,1
25,26,85142717115,1
25,27,85142717115,1
25,2,85142717115,1
26,27,85142717115,1
26,2,85142717115,1
27,2,85142717115,1
28,29,85140788216,1
28,2,85140788216|85121646170,2
29,2,85140788216|85121646170,2
30,31,85125403847|85104854964,2
30,32,85125403847|85104854964,2
30,2,85125403847|85104854964,2
31,32,85125403847|85104854964,2
31,2,85125403847|85104854964,2
32,2,85125403847|85104854964,2
33,2,85125286724,1
29,28,85121646170,1
2,34,85041005603,1
4,34,85041005603,1
34,19,85041005603,1
18,4,85054935548,1
35,36,85063135697,1
35,37,85063135697,1
35,38,85063135697,1
35,2,85063135697,1
35,39,85063135697,1
35,19,85063135697,1
35,4,85063135697,1
36,37,85063135697,1
36,38,85063135697,1
36,2,85063135697,1
36,39,85063135697,1
36,19,85063135697,1
36,4,85063135697,1
37,38,85063135697,1
37,2,85063135697,1
37,39,85063135697,1
37,19,85063135697,1
37,4,85063135697,1
38,2,85063135697,1
38,39,85063135697,1
38,19,85063135697,1
38,4,85063135697,1
2,39,85063135697,1
39,19,85063135697,1
39,4,85063135697,1
19,4,85063135697,1
40,41,85191756511|85115863696,2
40,42,85191756511|85166781074|85115863696|85090602536|85083089114,5
40,43,85191756511|85115863696|85090602536,3
40,44,85191756511|85083089114,2
41,42,85191756511|85115863696|85094569019,3
41,43,85191756511|85115863696,2
41,44,85191756511,1
42,43,85191756511|85115863696|85090602536,3
42,44,85191756511,1
43,44,85191756511,1
45,46,85176002250,1
45,14,85176002250,1
45,42,85176002250,1
46,14,85176002250|85137367581,2
46,42,85176002250,1
14,42,85176002250,1
24,42,85175953748,1
43,40,85166781074,1
43,42,85166781074|85097268370,2
47,42,85142473941|85094621883|85097268370,3
47,48,85142473941,1
47,49,85142473941,1
42,48,85142473941,1
42,49,85142473941,1
48,49,85142473941,1
44,50,85144200197,1
44,3,85144200197,1
44,51,85144200197,1
44,42,85144200197|85083089114,2
50,3,85144200197,1
50,51,85144200197,1
50,42,85144200197,1
3,51,85144200197,1
3,42,85144200197,1
51,42,85144200197,1
52,53,85126818808,1
52,42,85126818808,1
52,54,85126818808,1
52,55,85126818808,1
52,56,85126818808,1
52,57,85126818808,1
53,42,85126818808,1
53,54,85126818808,1
53,55,85126818808,1
53,56,85126818808,1
53,57,85126818808,1
42,54,85126818808,1
42,55,85126818808,1
42,56,85126818808,1
42,57,85126818808,1
54,55,85126818808,1
54,56,85126818808,1
54,57,85126818808,1
55,56,85126818808,1
55,57,85126818808,1
56,57,85126818808,1
58,59,85112606579,1
58,60,85112606579,1
58,61,85112606579,1
58,62,85112606579,1
58,42,85112606579,1
59,60,85112606579,1
59,61,85112606579,1
59,62,85112606579,1
59,42,85112606579,1
60,61,85112606579,1
60,62,85112606579,1
60,42,85112606579,1
61,62,85112606579,1
61,42,85112606579,1
62,42,85112606579|85006085494,2
47,63,85094621883,1
47,64,85094621883,1
63,42,85094621883|85097268370,2
63,64,85094621883,1
42,64,85094621883,1
41,65,85094569019,1
41,51,85094569019,1
42,65,85094569019,1
42,51,85094569019,1
65,51,85094569019,1
43,63,85097268370,1
43,47,85097268370,1
63,47,85097268370,1
66,67,85082140804,1
66,42,85082140804,1
67,42,85082140804,1
40,62,85083089114,1
40,60,85083089114,1
44,62,85083089114,1
44,60,85083089114,1
42,62,85083089114|84955313916|84908474515|84927144609|84899076098|80054755770,6
42,60,85083089114|85006085494,2
62,60,85083089114|85006085494,2
68,62,85006085494,1
68,42,85006085494,1
68,60,85006085494,1
68,69,85006085494,1
62,69,85006085494,1
42,69,85006085494,1
60,69,85006085494,1
42,70,85007470569,1
42,71,80054755770,1
42,72,80054755770,1
62,71,80054755770,1
62,72,80054755770,1
71,72,80054755770,1
13,73,85184029623,1
13,74,85184029623,1
13,75,85184029623|85179765045,2
13,11,85184029623,1
73,74,85184029623,1
73,75,85184029623,1
73,11,85184029623,1
74,75,85184029623,1
74,11,85184029623,1
75,11,85184029623,1
76,11,85180717661,1
76,77,85180717661,1
11,77,85180717661,1
26,11,85175991750,1
78,3,85175945151,1
78,79,85175945151,1
78,11,85175945151,1
3,79,85175945151,1
3,11,85175945151,1
79,11,85175945151,1
46,80,85137367581,1
46,81,85137367581,1
46,11,85137367581,1
14,80,85137367581,1
14,81,85137367581,1
14,11,85137367581,1
80,81,85137367581,1
80,11,85137367581,1
81,11,85137367581,1
82,11,85122670149|85107636364,2
82,83,85122670149,1
82,84,85122670149,1
82,85,85122670149|85107636364|85084074212,3
11,83,85122670149|85050497152,2
11,84,85122670149,1
11,85,85122670149|85122660970|85107636364|85103565316|85095707593|85089305672|85088295237|85089307469|85084074212|85064980928|85077812600|85059447427|85050497152|85048530545,14
83,84,85122670149,1
83,85,85122670149,1
84,85,85122670149,1
11,86,85122660970|85089305672,2
85,86,85122660970,1
77,11,85151326273,1
77,43,85151326273,1
77,87,85151326273,1
11,43,85151326273|85151325777,2
11,87,85151326273,1
43,87,85151326273,1
88,11,85151325777,1
88,43,85151325777,1
25,23,85142736640,1
25,11,85142736640,1
23,11,85142736640,1
20,43,85140725572,1
20,11,85140725572,1
43,11,85140725572|85127056253|85121588563,3
89,28,85128925812,1
89,11,85128925812,1
28,11,85128925812,1
12,43,85127056253|85121588563,2
12,85,85127056253,1
12,11,85127056253|85121588563,2
43,85,85127056253,1
85,11,85127056253,1
90,91,85126194923,1
90,11,85126194923,1
91,11,85126194923,1
92,11,85126193052,1
92,93,85126193052,1
92,81,85126193052,1
11,93,85126193052,1
11,81,85126193052|85108700079,2
93,81,85126193052,1
94,11,85121375825,1
95,96,85108700079,1
95,11,85108700079,1
95,97,85108700079,1
95,81,85108700079,1
96,11,85108700079,1
96,97,85108700079,1
96,81,85108700079,1
11,97,85108700079,1
97,81,85108700079,1
86,85,85089305672,1
11,98,85088295237|85077812600,2
98,85,85088295237|85077812600,2
11,82,85084074212,1
11,99,85084074212,1
82,99,85084074212,1
99,85,85084074212,1
11,100,85050497152,1
100,85,85050497152,1
100,83,85050497152,1
85,83,85050497152,1
11,101,85048530545,1
85,101,85048530545,1
102,103,85177785504,1
102,104,85177785504,1
103,104,85177785504,1
77,13,85190408646,1
77,105,85190408646,1
77,103,85190408646,1
77,106,85190408646,1
13,105,85190408646,1
13,103,85190408646,1
13,106,85190408646,1
105,103,85190408646,1
105,106,85190408646,1
103,106,85190408646,1
107,103,85175975430,1
103,108,85135233304|85147923090|85048593501|85038249932|85026361140|85016020257|85008257152|84986005324|84961743290|84921873479,10
103,109,85135233304,1
108,109,85135233304,1
103,110,85147923090|85038249932|85016020257|85008257152,4
103,111,85147923090|85048593501|85038249932|85026361140|85016020257|85008257152|84986005324|84961743290|84921873479,9
108,110,85147923090|85038249932|85016020257|85008257152,4
108,111,85147923090|85048593501|85038249932|85026361140|85016020257|85008257152|84986005324|84961743290|84921873479,9
110,111,85147923090|85038249932|85016020257|85008257152,4
112,43,85142425450,1
112,103,85142425450,1
43,103,85142425450,1
113,103,85130256324|85126197209|85118659496,3
103,113,85123304464,1
103,114,85123304464|85118659496,2
103,115,85123304464|85118659496,2
113,114,85123304464|85118659496,2
113,115,85123304464|85118659496,2
114,115,85123304464|85118659496,2
116,103,84986005324,1
116,117,84986005324,1
116,108,84986005324,1
116,111,84986005324,1
103,117,84986005324,1
117,108,84986005324,1
117,111,84986005324,1
103,102,84961743290,1
108,102,84961743290,1
102,111,84961743290,1
13,23,85179765045,1
13,118,85179765045,1
9,23,85179765045,1
9,118,85179765045,1
9,75,85179765045,1
23,14,85179765045,1
23,118,85179765045,1
23,75,85179765045,1
14,118,85179765045,1
14,75,85179765045,1
118,75,85179765045,1
118,119,85176468136,1
118,120,85176468136|85132912978|85135049986|85133614838|85089170148|85054891996|85042430386|85031433055,8
118,121,85176468136,1
118,122,85176468136,1
118,123,85176468136,1
119,120,85176468136,1
119,121,85176468136,1
119,122,85176468136,1
119,123,85176468136,1
120,121,85176468136,1
120,122,85176468136,1
120,123,85176468136,1
121,122,85176468136,1
121,123,85176468136,1
122,123,85176468136,1
124,120,85171480744,1
124,125,85171480744,1
124,118,85171480744,1
124,126,85171480744,1
120,125,85171480744,1
120,118,85171480744,1
120,126,85171480744,1
125,118,85171480744,1
125,126,85171480744,1
118,126,85171480744,1
127,118,85135049986|85042430386,2
127,120,85135049986|85054891996|85042430386|85031433055,4
118,128,85133614838,1
118,129,85133614838,1
120,128,85133614838,1
120,129,85133614838,1
128,129,85133614838,1
118,130,85089170148,1
120,130,85089170148,1
118,127,85054891996|85031433055,2
118,131,85054891996|85042430386|85031433055,3
118,132,85054891996,1
127,131,85054891996|85042430386|85031433055,3
127,132,85054891996,1
120,131,85054891996|85042430386|85031433055,3
120,132,85054891996,1
131,132,85054891996,1
127,133,85042430386,1
118,133,85042430386,1
120,133,85042430386,1
133,131,85042430386,1
134,135,85166429934,1
134,136,85166429934,1
134,137,85166429934,1
134,138,85166429934,1
134,139,85166429934,1
134,140,85166429934,1
134,141,85166429934,1
135,136,85166429934,1
135,137,85166429934,1
135,138,85166429934,1
135,139,85166429934,1
135,140,85166429934,1
135,141,85166429934,1
136,137,85166429934,1
136,138,85166429934,1
136,139,85166429934,1
136,140,85166429934,1
136,141,85166429934,1
137,138,85166429934,1
137,139,85166429934,1
137,140,85166429934,1
137,141,85166429934,1
138,139,85166429934,1
138,140,85166429934,1
138,141,85166429934,1
139,140,85166429934,1
139,141,85166429934,1
140,141,85166429934,1
142,143,85166328931,1
142,144,85166328931,1
142,139,85166328931,1
142,145,85166328931,1
142,146,85166328931,1
142,147,85166328931,1
143,144,85166328931,1
143,139,85166328931,1
143,145,85166328931,1
143,146,85166328931,1
143,147,85166328931,1
144,139,85166328931,1
144,145,85166328931,1
144,146,85166328931,1
144,147,85166328931,1
139,145,85166328931,1
139,146,85166328931,1
139,147,85166328931,1
145,146,85166328931,1
145,147,85166328931,1
146,147,85166328931,1
148,149,85115079233,1
148,150,85115079233,1
148,139,85115079233|85111031807|85124875159,3
148,151,85115079233|85111031807|85124875159,3
149,150,85115079233,1
149,139,85115079233,1
149,151,85115079233,1
150,139,85115079233|85111031807|85124875159,3
150,151,85115079233|85111031807|85124875159,3
139,151,85115079233|85111031807|85124875159,3
152,139,85121269568,1
152,153,85121269568,1
152,154,85121269568,1
152,155,85121269568,1
139,153,85121269568,1
139,154,85121269568,1
139,155,85121269568,1
153,154,85121269568,1
153,155,85121269568,1
154,155,85121269568,1
150,156,85111031807,1
150,148,85111031807|85124875159,2
150,157,85111031807,1
156,148,85111031807,1
156,139,85111031807,1
156,157,85111031807,1
156,151,85111031807,1
148,157,85111031807,1
139,157,85111031807,1
157,151,85111031807,1
158,159,85107702076,1
158,139,85107702076|85067669968|84893824397,3
159,139,85107702076,1
160,161,85097049656,1
160,162,85097049656,1
160,163,85097049656,1
160,164,85097049656,1
160,165,85097049656,1
160,166,85097049656,1
160,167,85097049656,1
160,168,85097049656,1
160,139,85097049656,1
160,169,85097049656,1
161,162,85097049656,1
161,163,85097049656,1
161,164,85097049656,1
161,165,85097049656,1
161,166,85097049656,1
161,167,85097049656,1
161,168,85097049656,1
161,139,85097049656,1
161,169,85097049656,1
162,163,85097049656,1
162,164,85097049656,1
162,165,85097049656,1
162,166,85097049656,1
162,167,85097049656,1
162,168,85097049656,1
162,139,85097049656,1
162,169,85097049656,1
163,164,85097049656,1
163,165,85097049656,1
163,166,85097049656,1
163,167,85097049656,1
163,168,85097049656,1
163,139,85097049656,1
163,169,85097049656,1
164,165,85097049656,1
164,166,85097049656,1
164,167,85097049656,1
164,168,85097049656,1
164,139,85097049656,1
164,169,85097049656,1
165,166,85097049656,1
165,167,85097049656,1
165,168,85097049656,1
165,139,85097049656,1
165,169,85097049656,1
166,167,85097049656,1
166,168,85097049656,1
166,139,85097049656,1
166,169,85097049656,1
167,168,85097049656,1
167,139,85097049656,1
167,169,85097049656,1
168,139,85097049656,1
168,169,85097049656,1
139,169,85097049656|85079744231,2
158,170,85067669968|84893824397,2
158,171,85067669968|84893824397,2
158,172,85067669968,1
170,171,85067669968,1
170,172,85067669968,1
170,139,85067669968,1
171,172,85067669968,1
171,139,85067669968,1
172,139,85067669968,1
173,139,85079744231,1
173,169,85079744231,1
174,175,85043585807,1
174,176,85043585807,1
174,177,85043585807,1
174,139,85043585807,1
174,142,85043585807,1
175,176,85043585807,1
175,177,85043585807,1
175,139,85043585807,1
175,142,85043585807,1
176,177,85043585807,1
176,139,85043585807,1
176,142,85043585807,1
177,139,85043585807,1
177,142,85043585807,1
139,142,85043585807,1
158,178,84893824397,1
158,179,84893824397,1
158,147,84893824397,1
178,179,84893824397,1
178,147,84893824397,1
178,139,84893824397,1
178,171,84893824397,1
178,170,84893824397,1
179,147,84893824397,1
179,139,84893824397,1
179,171,84893824397,1
179,170,84893824397,1
147,139,84893824397,1
147,171,84893824397,1
147,170,84893824397,1
139,171,84893824397,1
139,170,84893824397,1
171,170,84893824397,1
139,180,84878189239,1
139,181,84878189239,1
139,182,84878189239,1
139,183,84878189239,1
139,184,84878189239|67649886835,2
180,181,84878189239,1
180,182,84878189239,1
180,183,84878189239,1
180,184,84878189239,1
181,182,84878189239|67649886835,2
181,183,84878189239,1
181,184,84878189239|67649886835,2
182,183,84878189239,1
182,184,84878189239|67649886835,2
183,184,84878189239,1
185,181,67649886835,1
185,182,67649886835,1
185,139,67649886835,1
185,186,67649886835,1
185,187,67649886835,1
185,184,67649886835,1
181,139,67649886835,1
181,186,67649886835,1
181,187,67649886835,1
182,139,67649886835,1
182,186,67649886835,1
182,187,67649886835,1
139,186,67649886835,1
139,187,67649886835,1
186,187,67649886835,1
186,184,67649886835,1
187,184,67649886835,1
188,189,85183344144,1
188,190,85183344144,1
188,191,85183344144,1
188,192,85183344144,1
188,193,85183344144,1
188,194,85183344144,1
188,195,85183344144,1
189,190,85183344144,1
189,191,85183344144,1
189,192,85183344144,1
189,193,85183344144,1
189,194,85183344144,1
189,195,85183344144,1
190,191,85183344144,1
190,192,85183344144,1
190,193,85183344144,1
190,194,85183344144,1
190,195,85183344144,1
191,192,85183344144,1
191,193,85183344144,1
191,194,85183344144,1
191,195,85183344144,1
192,193,85183344144,1
192,194,85183344144,1
192,195,85183344144,1
193,194,85183344144,1
193,195,85183344144,1
194,195,85183344144,1
196,197,85166241171,1
196,198,85166241171,1
196,193,85166241171,1
197,198,85166241171,1
197,193,85166241171|85106723031|85089393722,3
198,193,85166241171|84981727572,2
199,200,85163635156,1
199,193,85163635156,1
199,198,85163635156,1
200,193,85163635156,1
200,198,85163635156,1
193,198,85163635156,1
201,202,85152206403,1
201,203,85152206403,1
201,204,85152206403,1
201,205,85152206403,1
201,206,85152206403,1
201,193,85152206403,1
202,203,85152206403,1
202,204,85152206403,1
202,205,85152206403,1
202,206,85152206403,1
202,193,85152206403,1
203,204,85152206403,1
203,205,85152206403,1
203,206,85152206403,1
203,193,85152206403,1
204,205,85152206403,1
204,206,85152206403,1
204,193,85152206403,1
205,206,85152206403,1
205,193,85152206403|85151167849,2
206,193,85152206403|85151167849|85163022794|85094950733,4
207,208,85138695494,1
207,209,85138695494,1
207,210,85138695494,1
207,193,85138695494,1
208,209,85138695494|85151167849,2
208,210,85138695494|85151167849,2
208,193,85138695494|85151167849|85146232350|85102646623|85094950733|85090963194|85061274528|85034985806|85018325864|85017457541,10
209,210,85138695494|85151167849,2
209,193,85138695494|85151167849,2
210,193,85138695494|85151167849,2
211,208,85151167849,1
211,206,85151167849,1
211,209,85151167849,1
211,210,85151167849,1
211,205,85151167849,1
211,193,85151167849,1
208,206,85151167849,1
208,205,85151167849,1
206,209,85151167849,1
206,210,85151167849,1
206,205,85151167849,1
209,205,85151167849,1
210,205,85151167849,1
212,213,85173485095|84861141776,2
212,193,85173485095|84861141776,2
212,214,85173485095,1
213,193,85173485095|84861141776,2
213,214,85173485095,1
193,214,85173485095,1
215,193,85163591010,1
215,216,85163591010,1
193,216,85163591010,1
217,218,85163022794,1
217,219,85163022794,1
217,220,85163022794,1
217,206,85163022794,1
217,193,85163022794,1
218,219,85163022794,1
218,220,85163022794,1
218,206,85163022794,1
218,193,85163022794,1
219,220,85163022794,1
219,206,85163022794,1
219,193,85163022794|85146232350,2
220,206,85163022794,1
220,193,85163022794,1
221,208,85146232350,1
221,219,85146232350,1
221,193,85146232350,1
208,219,85146232350,1
222,223,85135950534,1
222,224,85135950534|85134263431,2
222,193,85135950534|85134263431,2
222,225,85135950534|85134263431,2
223,224,85135950534|85134263431,2
223,193,85135950534|85134263431|85127723312|85111946060|85106926571|85087656011|85077534667|85145623010,8
223,225,85135950534|85134263431|85111946060|85106926571|85087656011|85077534667|85145623010,7
224,193,85135950534,1
224,225,85135950534|85134263431,2
193,225,85135950534|85134263431|85111946060|85106926571|85087656011|85077534667|85145623010,7
223,222,85134263431,1
223,226,85134263431|85077534667|85145623010,3
223,227,85134263431,1
223,228,85134263431,1
222,226,85134263431,1
222,227,85134263431,1
222,228,85134263431,1
193,226,85134263431|85077534667|85145623010,3
193,224,85134263431,1
193,227,85134263431,1
193,228,85134263431,1
226,224,85134263431,1
226,227,85134263431,1
226,228,85134263431,1
226,225,85134263431|85077534667|85145623010,3
224,227,85134263431,1
224,228,85134263431,1
227,228,85134263431,1
227,225,85134263431,1
228,225,85134263431,1
226,229,85129844953,1
226,230,85129844953,1
226,231,85129844953|85121588419,2
226,193,85129844953|85127723312|85121588419,3
229,230,85129844953,1
229,231,85129844953,1
229,193,85129844953,1
230,231,85129844953,1
230,193,85129844953,1
231,193,85129844953|85121588419|85017457541,3
226,232,85127723312|85121588419,2
226,223,85127723312,1
226,233,85127723312|85121588419,2
226,234,85127723312,1
232,223,85127723312,1
232,233,85127723312|85121588419,2
232,234,85127723312,1
232,193,85127723312|85121588419,2
223,233,85127723312,1
223,234,85127723312,1
233,234,85127723312,1
233,193,85127723312|85121588419,2
234,193,85127723312|85005992550|84907525589,3
235,236,85123617740,1
235,237,85123617740,1
235,238,85123617740,1
235,193,85123617740,1
236,237,85123617740,1
236,238,85123617740,1
236,193,85123617740,1
237,238,85123617740,1
237,193,85123617740,1
238,193,85123617740|84902192496,2
239,240,85132523210,1
239,241,85132523210,1
239,242,85132523210,1
239,243,85132523210,1
239,244,85132523210,1
239,193,85132523210,1
239,202,85132523210,1
240,241,85132523210,1
240,242,85132523210,1
240,243,85132523210,1
240,244,85132523210,1
240,193,85132523210,1
240,202,85132523210,1
241,242,85132523210,1
241,243,85132523210,1
241,244,85132523210,1
241,193,85132523210,1
241,202,85132523210,1
242,243,85132523210,1
242,244,85132523210,1
242,193,85132523210,1
242,202,85132523210,1
243,244,85132523210,1
243,193,85132523210,1
243,202,85132523210,1
244,193,85132523210,1
244,202,85132523210,1
193,202,85132523210,1
245,246,85129027881,1
245,193,85129027881,1
246,193,85129027881,1
232,231,85121588419,1
233,231,85121588419,1
247,223,85111946060,1
247,248,85111946060,1
247,193,85111946060|85145623010,2
247,249,85111946060,1
247,225,85111946060|85145623010,2
223,248,85111946060,1
223,249,85111946060|85106926571,2
248,193,85111946060|85052745704,2
248,249,85111946060,1
248,225,85111946060|85052745704,2
193,249,85111946060|85106926571,2
249,225,85111946060|85106926571,2
250,223,85106926571|85052745704,2
250,193,85106926571|85052745704,2
250,251,85106926571,1
250,249,85106926571,1
250,225,85106926571|85052745704,2
223,251,85106926571,1
193,251,85106926571,1
251,249,85106926571,1
251,225,85106926571,1
208,252,85102646623,1
252,193,85102646623,1
253,197,85106723031,1
253,193,85106723031,1
216,206,85094950733,1
216,254,85094950733,1
216,208,85094950733,1
216,193,85094950733,1
206,254,85094950733,1
206,208,85094950733,1
254,208,85094950733,1
254,193,85094950733,1
255,208,85090963194,1
255,256,85090963194,1
255,257,85090963194,1
255,193,85090963194,1
208,256,85090963194|85061274528|85034985806|85018325864,4
208,257,85090963194,1
256,257,85090963194,1
256,193,85090963194|85090201256|85061274528|85034985806|85018325864,5
257,193,85090963194,1
256,258,85090201256,1
256,208,85090201256,1
258,193,85090201256|85061274528|85034985806,3
258,208,85090201256|85061274528|85034985806,3
193,208,85090201256,1
197,206,85089393722,1
197,259,85089393722,1
197,260,85089393722,1
197,261,85089393722,1
197,262,85089393722,1
197,263,85089393722,1
197,264,85089393722,1
197,265,85089393722,1
193,206,85089393722,1
193,259,85089393722,1
193,260,85089393722,1
193,261,85089393722|85037616513,2
193,262,85089393722,1
193,263,85089393722,1
193,264,85089393722,1
193,265,85089393722|85081291466,2
206,259,85089393722,1
206,260,85089393722,1
206,261,85089393722,1
206,262,85089393722,1
206,263,85089393722,1
206,264,85089393722,1
206,265,85089393722,1
259,260,85089393722,1
259,261,85089393722,1
259,262,85089393722,1
259,263,85089393722,1
259,264,85089393722,1
259,265,85089393722,1
260,261,85089393722,1
260,262,85089393722,1
260,263,85089393722,1
260,264,85089393722,1
260,265,85089393722,1
261,262,85089393722,1
261,263,85089393722,1
261,264,85089393722,1
261,265,85089393722,1
262,263,85089393722,1
262,264,85089393722,1
262,265,85089393722,1
263,264,85089393722,1
263,265,85089393722,1
264,265,85089393722|85081291466,2
266,223,85087656011,1
266,193,85087656011,1
266,267,85087656011,1
266,225,85087656011,1
223,267,85087656011|85077534667,2
193,267,85087656011|85077534667,2
267,225,85087656011|85077534667,2
268,269,85081291466,1
268,264,85081291466,1
268,270,85081291466,1
268,271,85081291466,1
268,272,85081291466,1
268,193,85081291466,1
268,265,85081291466,1
269,264,85081291466,1
269,270,85081291466,1
269,271,85081291466,1
269,272,85081291466,1
269,193,85081291466,1
269,265,85081291466,1
264,270,85081291466,1
264,271,85081291466,1
264,272,85081291466,1
264,193,85081291466,1
270,271,85081291466,1
270,272,85081291466,1
270,193,85081291466,1
270,265,85081291466,1
271,272,85081291466,1
271,193,85081291466,1
271,265,85081291466,1
272,193,85081291466,1
272,265,85081291466,1
273,223,85077534667,1
273,193,85077534667,1
273,267,85077534667,1
273,226,85077534667,1
273,197,85077534667,1
273,225,85077534667,1
223,197,85077534667,1
193,197,85077534667,1
267,226,85077534667,1
267,197,85077534667,1
226,197,85077534667,1
197,225,85077534667,1
274,275,85076303974,1
274,276,85076303974|85064269143,2
274,193,85076303974|85064269143|85017457541,3
274,277,85076303974|85064269143,2
274,278,85076303974|85064269143,2
274,279,85076303974,1
274,280,85076303974|85064269143,2
275,276,85076303974,1
275,193,85076303974,1
275,277,85076303974,1
275,278,85076303974,1
275,279,85076303974,1
275,280,85076303974,1
276,193,85076303974|85064269143,2
276,277,85076303974|85064269143,2
276,278,85076303974,1
276,279,85076303974,1
276,280,85076303974|85064269143,2
193,277,85076303974|85064269143,2
193,278,85076303974,1
193,279,85076303974,1
193,280,85076303974|85064269143,2
277,278,85076303974,1
277,279,85076303974,1
277,280,85076303974|85064269143,2
278,279,85076303974,1
278,280,85076303974|85064269143,2
279,280,85076303974,1
278,276,85064269143,1
278,193,85064269143,1
278,277,85064269143,1
258,256,85061274528|85034985806,2
258,281,85061274528,1
258,282,85061274528,1
258,283,85061274528,1
208,281,85061274528,1
208,282,85061274528,1
208,283,85061274528,1
256,281,85061274528,1
256,282,85061274528,1
256,283,85061274528,1
281,282,85061274528,1
281,283,85061274528,1
281,193,85061274528,1
282,283,85061274528,1
282,193,85061274528,1
283,193,85061274528|84865685467,2
223,247,85145623010,1
223,284,85145623010,1
247,226,85145623010,1
247,284,85145623010,1
193,284,85145623010,1
226,284,85145623010,1
284,225,85145623010,1
285,193,85055522796,1
285,238,85055522796,1
193,238,85055522796|85028468163|84944352110|84861141776|73949113432,5
250,286,85052745704,1
250,248,85052745704,1
250,287,85052745704,1
250,288,85052745704,1
250,289,85052745704,1
250,290,85052745704,1
286,248,85052745704,1
286,287,85052745704,1
286,225,85052745704,1
286,288,85052745704,1
286,289,85052745704,1
286,290,85052745704,1
286,193,85052745704,1
286,223,85052745704,1
248,287,85052745704,1
248,288,85052745704,1
248,289,85052745704,1
248,290,85052745704,1
248,223,85052745704,1
287,225,85052745704,1
287,288,85052745704,1
287,289,85052745704,1
287,290,85052745704,1
287,193,85052745704,1
287,223,85052745704,1
225,288,85052745704,1
225,289,85052745704,1
225,290,85052745704,1
225,193,85052745704,1
225,223,85052745704,1
288,289,85052745704,1
288,290,85052745704,1
288,193,85052745704,1
288,223,85052745704,1
289,290,85052745704,1
289,193,85052745704,1
289,223,85052745704,1
290,193,85052745704,1
290,223,85052745704,1
193,223,85052745704,1
193,291,85037616513,1
193,203,85037616513,1
193,292,85037616513,1
193,293,85037616513|84944352110|84858146936,3
193,294,85037616513,1
193,231,85037616513|85028468163,2
291,203,85037616513,1
291,292,85037616513,1
291,293,85037616513,1
291,261,85037616513,1
291,294,85037616513,1
291,231,85037616513,1
203,292,85037616513,1
203,293,85037616513,1
203,261,85037616513,1
203,294,85037616513,1
203,231,85037616513,1
292,293,85037616513,1
292,261,85037616513,1
292,294,85037616513,1
292,231,85037616513,1
293,261,85037616513,1
293,294,85037616513,1
293,231,85037616513,1
261,294,85037616513,1
261,231,85037616513,1
294,231,85037616513,1
193,295,85028468163|78449305881|70749088212|69249235775|33947607169|33947572928|33748778475|8644285548|8644250609|0036170954|0035007474|0034312911,12
193,296,85028468163,1
193,297,85028468163|84871717807|77954171112|61849123191,4
193,298,85028468163,1
193,299,85028468163,1
295,296,85028468163,1
295,297,85028468163,1
295,298,85028468163,1
295,299,85028468163,1
295,238,85028468163,1
295,231,85028468163,1
296,297,85028468163,1
296,298,85028468163,1
296,299,85028468163,1
296,238,85028468163,1
296,231,85028468163,1
297,298,85028468163,1
297,299,85028468163,1
297,238,85028468163,1
297,231,85028468163,1
298,299,85028468163,1
298,238,85028468163,1
298,231,85028468163,1
299,238,85028468163,1
299,231,85028468163,1
238,231,85028468163,1
300,301,85053724272|84955122404,2
300,302,85053724272|84955122404,2
300,303,85053724272|84955122404|84891822660,3
300,304,85053724272|84955122404,2
300,193,85053724272|84955122404|84891822660|34147196077,4
301,302,85053724272|84955122404,2
301,303,85053724272|84955122404,2
301,304,85053724272|84955122404,2
301,193,85053724272|84955122404,2
302,303,85053724272|84955122404,2
302,304,85053724272|84955122404,2
302,193,85053724272|84955122404,2
303,304,85053724272|84955122404,2
303,193,85053724272|84955122404|73849149528,3
304,193,85053724272|84955122404,2
208,274,85017457541,1
208,305,85017457541,1
208,231,85017457541,1
274,305,85017457541,1
274,231,85017457541,1
305,231,85017457541,1
305,193,85017457541,1
306,193,84990924595|84978050005,2
234,307,85005992550,1
234,308,85005992550,1
234,309,85005992550,1
307,308,85005992550,1
307,309,85005992550,1
307,193,85005992550,1
308,309,85005992550,1
308,193,85005992550,1
309,193,85005992550,1
310,311,85014646471,1
310,312,85014646471,1
310,193,85014646471,1
311,312,85014646471,1
311,193,85014646471,1
312,193,85014646471,1
313,314,84981727572,1
313,198,84981727572,1
313,315,84981727572,1
313,193,84981727572,1
313,316,84981727572,1
314,198,84981727572,1
314,315,84981727572,1
314,193,84981727572,1
314,316,84981727572,1
198,315,84981727572,1
198,316,84981727572,1
315,193,84981727572,1
315,316,84981727572,1
193,316,84981727572,1
317,318,85013443453|84944716501,2
317,193,85013443453|84944716501,2
317,305,85013443453,1
317,319,85013443453|84944716501,2
317,320,85013443453|84944716501,2
317,321,85013443453|84944716501,2
318,193,85013443453|84944716501|84873310218,3
318,305,85013443453,1
318,319,85013443453|84944716501|84873310218|84871717807,4
318,320,85013443453|84944716501,2
318,321,85013443453|84944716501,2
193,305,85013443453,1
193,319,85013443453|84871717807|84855778766|77951091850|38949166368|34547197765|4544316422,7
193,320,85013443453|84944716501,2
193,321,85013443453|84944716501,2
305,319,85013443453,1
305,320,85013443453,1
305,321,85013443453,1
319,320,85013443453|84944716501,2
319,321,85013443453|84944716501,2
320,321,85013443453|84944716501,2
322,323,85013442831,1
322,324,85013442831,1
322,325,85013442831,1
322,193,85013442831,1
322,326,85013442831,1
323,324,85013442831,1
323,325,85013442831,1
323,193,85013442831,1
323,326,85013442831,1
324,325,85013442831,1
324,193,85013442831,1
324,326,85013442831,1
325,193,85013442831|79959622720|77955658954,3
325,326,85013442831,1
193,326,85013442831,1
327,328,84971577824,1
327,329,84971577824,1
327,330,84971577824,1
327,331,84971577824,1
327,193,84971577824,1
328,329,84971577824,1
328,330,84971577824,1
328,331,84971577824,1
328,193,84971577824,1
329,330,84971577824,1
329,331,84971577824,1
329,193,84971577824,1
330,331,84971577824,1
330,193,84971577824,1
331,193,84971577824,1
332,193,84944352110|85050061727|84900031315|84872326983|84872407739,5
332,238,84944352110,1
332,333,84944352110|85050061727|84900031315|84872326983|84872407739,5
332,334,84944352110|85050061727|84872326983|84872407739,4
332,335,84944352110|84872407739,2
332,336,84944352110,1
332,337,84944352110,1
332,293,84944352110,1
193,333,84944352110|84872368229|84855778766|73149110402|52249090930|33644624108|85141722340|10044236477,8
193,334,84944352110|84923100524|84882259221|84879247742|77954590375,5
193,335,84944352110,1
193,336,84944352110,1
193,337,84944352110,1
238,333,84944352110,1
238,334,84944352110,1
238,335,84944352110,1
238,336,84944352110,1
238,337,84944352110,1
238,293,84944352110,1
333,334,84944352110|84923100524|84882259221|84879247742|84872326983|79751536771|77954590375|77951183869|72949096533|85076870788|57849167007|34547197765|33646676290|33244495483|33244482210|21644458371|15544382397|2442501375,18
333,335,84944352110|84872407739,2
333,336,84944352110,1
333,337,84944352110,1
333,293,84944352110,1
334,335,84944352110|84872407739,2
334,336,84944352110,1
334,337,84944352110,1
334,293,84944352110,1
335,336,84944352110,1
335,337,84944352110,1
335,293,84944352110,1
336,337,84944352110,1
336,293,84944352110,1
337,293,84944352110,1
317,338,84944716501,1
318,338,84944716501,1
319,193,84944716501|84873310218|77951517803,3
319,338,84944716501,1
193,338,84944716501,1
338,320,84944716501,1
338,321,84944716501,1
339,340,85082361445|84892397779,2
339,193,85082361445|84892397779,2
340,193,85082361445|84892397779,2
334,333,85050061727|84900031315|84872407739|77954235089|10044236477,5
334,193,85050061727|84900031315|84872326983|84872407739|79751536771|77954235089|77951183869|72949096533|85076870788|57849167007|34547197765|33646676290|33244495483|33244482210|21644458371|15544382397|10044236477|2442501375,18
333,193,85050061727|84923100524|84900031315|84882259221|84879247742|84872326983|84874225778|84872417754|84872407739|79751536771|77954590375|77954235089|77950312374|78650610139|77951183869|72949096533|85076870788|57849167007|55349119902|34547197765|33646676290|33244495483|33244482210|21644458371|15544382397|2442501375,26
341,333,84923100524|84879247742,2
341,193,84923100524|84879247742,2
341,342,84923100524|84879247742,2
341,334,84923100524|84882259221|84879247742,3
341,343,84923100524|84882259221|84879247742,3
333,342,84923100524|84879247742,2
333,343,84923100524|84882259221|84879247742|84872326983|77954590375,5
193,342,84923100524|84879247742,2
193,343,84923100524|84882259221|84879247742|84872326983|77954590375,5
342,334,84923100524|84879247742,2
342,343,84923100524|84879247742,2
334,343,84923100524|84882259221|84879247742|84872326983|77954590375,5
344,345,84926171804,1
344,346,84926171804,1
344,193,84926171804,1
344,347,84926171804,1
345,346,84926171804,1
345,193,84926171804,1
345,347,84926171804,1
346,193,84926171804,1
346,347,84926171804,1
193,347,84926171804,1
234,348,84907525589,1
234,349,84907525589,1
348,349,84907525589,1
348,193,84907525589,1
349,193,84907525589,1
300,350,84891822660,1
300,351,84891822660,1
350,351,84891822660,1
350,193,84891822660,1
350,303,84891822660,1
351,193,84891822660,1
351,303,84891822660,1
193,303,84891822660|84870430337|84861120374,3
352,353,84930801379,1
352,354,84930801379,1
352,293,84930801379,1
352,355,84930801379|84930391533,2
352,193,84930801379,1
353,354,84930801379,1
353,293,84930801379,1
353,355,84930801379,1
353,193,84930801379,1
354,293,84930801379,1
354,355,84930801379,1
354,193,84930801379,1
293,355,84930801379,1
293,193,84930801379,1
355,193,84930801379|84873310218,2
356,193,84930391533,1
356,357,84930391533,1
356,352,84930391533,1
356,355,84930391533,1
193,357,84930391533,1
193,352,84930391533,1
193,355,84930391533,1
357,352,84930391533,1
357,355,84930391533,1
334,332,84900031315,1
334,358,84900031315,1
332,358,84900031315|84855778766,2
358,333,84900031315|77954235089,2
358,193,84900031315|77954235089,2
359,360,84889245960,1
359,193,84889245960,1
360,193,84889245960|70749088212|69349085761,3
361,355,84873310218,1
361,318,84873310218,1
361,319,84873310218,1
361,193,84873310218,1
361,362,84873310218,1
361,363,84873310218,1
361,364,84873310218,1
355,318,84873310218,1
355,319,84873310218,1
355,362,84873310218,1
355,363,84873310218,1
355,364,84873310218,1
318,362,84873310218|84871717807,2
318,363,84873310218,1
318,364,84873310218,1
319,362,84873310218,1
319,363,84873310218,1
319,364,84873310218,1
193,362,84873310218|84871717807|80052825450,3
193,363,84873310218,1
193,364,84873310218,1
362,363,84873310218,1
362,364,84873310218,1
363,364,84873310218,1
333,341,84882259221|84872368229,2
193,341,84882259221|84872368229,2
295,193,84874537949,1
338,193,84871717807|80052825450,2
338,365,84871717807|80052825450,2
338,318,84871717807,1
338,297,84871717807,1
338,362,84871717807|80052825450,2
338,366,84871717807,1
338,367,84871717807,1
338,319,84871717807,1
193,365,84871717807|80052825450,2
193,318,84871717807,1
193,366,84871717807,1
193,367,84871717807,1
365,318,84871717807,1
365,297,84871717807,1
365,362,84871717807|80052825450,2
365,366,84871717807,1
365,367,84871717807,1
365,319,84871717807,1
318,297,84871717807,1
318,366,84871717807,1
318,367,84871717807,1
297,362,84871717807,1
297,366,84871717807,1
297,367,84871717807,1
297,319,84871717807,1
362,366,84871717807,1
362,367,84871717807,1
362,319,84871717807,1
366,367,84871717807,1
366,319,84871717807,1
367,319,84871717807,1
332,343,84872326983,1
368,193,84870430337|84861120374,2
368,303,84870430337|84861120374,2
368,300,84870430337|84861120374,2
193,300,84870430337|84861120374|73849149528,3
303,300,84870430337|84861120374|73849149528,3
369,370,84892382526,1
369,371,84892382526,1
369,372,84892382526,1
369,373,84892382526,1
369,193,84892382526,1
370,371,84892382526,1
370,372,84892382526,1
370,373,84892382526,1
370,193,84892382526,1
371,372,84892382526,1
371,373,84892382526,1
371,193,84892382526,1
372,373,84892382526,1
372,193,84892382526|84872925417|77955117984|33751520782|0036234168,5
373,193,84892382526,1
374,375,84877974641,1
374,193,84877974641,1
374,376,84877974641,1
375,193,84877974641,1
375,376,84877974641,1
193,376,84877974641,1
333,377,84874225778,1
377,193,84874225778,1
193,378,84874126389,1
379,372,84872925417,1
379,193,84872925417,1
379,380,84872925417,1
372,380,84872925417|77955117984,2
193,380,84872925417|77955117984,2
333,381,84872417754,1
193,381,84872417754,1
335,193,84872407739,1
382,283,84865685467,1
382,193,84865685467,1
383,384,84863919546|84902256942,2
383,193,84863919546|84902256942,2
383,385,84863919546|84902256942,2
383,386,84863919546|84902256942,2
383,387,84863919546|84902256942,2
383,388,84863919546|84902256942,2
383,389,84863919546|84902256942,2
384,193,84863919546|84902256942|84861119677|38949166368,4
384,385,84863919546|84902256942|84861119677,3
384,386,84863919546|84902256942|84861119677,3
384,387,84863919546|84902256942|84861119677|38949166368,4
384,388,84863919546|84902256942|84861119677,3
384,389,84863919546|84902256942|84861119677,3
193,385,84863919546|84902256942,2
193,386,84863919546|84902256942,2
193,387,84863919546|84902256942|26844575593,3
193,388,84863919546|84902256942,2
193,389,84863919546|84902256942,2
385,386,84863919546|84902256942|84861119677,3
385,387,84863919546|84902256942|84861119677|38949166368,4
385,388,84863919546|84902256942|84861119677,3
385,389,84863919546|84902256942|84861119677,3
386,387,84863919546|84902256942|84861119677,3
386,388,84863919546|84902256942|84861119677,3
386,389,84863919546|84902256942|84861119677,3
387,388,84863919546|84902256942|84861119677,3
387,389,84863919546|84902256942|84861119677,3
388,389,84863919546|84902256942|84861119677,3
390,193,84858146936|77955118948|8744269533|8744256590,4
390,293,84858146936,1
193,332,84855778766,1
193,358,84855778766,1
193,325,84855778766,1
333,332,84855778766,1
333,358,84855778766,1
333,325,84855778766,1
333,319,84855778766|34547197765,2
332,325,84855778766,1
332,319,84855778766,1
358,325,84855778766,1
358,319,84855778766,1
325,319,84855778766,1
212,391,84861141776,1
212,392,84861141776,1
212,238,84861141776,1
391,213,84861141776,1
391,392,84861141776,1
391,193,84861141776,1
391,238,84861141776,1
213,392,84861141776,1
213,238,84861141776,1
392,193,84861141776,1
392,238,84861141776,1
384,383,84861119677|38949166368,2
385,193,84861119677|38949166368,2
385,383,84861119677|38949166368,2
386,193,84861119677,1
386,383,84861119677,1
387,193,84861119677|38949166368,2
387,383,84861119677|38949166368|26844575593,3
388,193,84861119677,1
388,383,84861119677,1
389,193,84861119677,1
389,383,84861119677,1
193,383,84861119677|38949166368|26844575593,3
338,390,80052825450,1
338,393,80052825450,1
193,390,80052825450|33947730443|33947607169|33947597460|33947572928|33847140478|33644624108|8644285548|8644250609|0036170084|0036168706|0035025254|0035007474,13
193,393,80052825450,1
390,365,80052825450,1
390,393,80052825450,1
390,362,80052825450,1
365,393,80052825450,1
393,362,80052825450,1
325,394,79959622720,1
193,394,79959622720,1
333,395,79751536771|77951183869|72949096533|57849167007|33244495483,5
333,396,79751536771|77951183869|72949096533|85076870788|57849167007,5
395,396,79751536771|77951183869|85076870788,3
395,334,79751536771|77951183869|72949096533|85076870788|57849167007,5
395,193,79751536771|77951183869|72949096533|85076870788|57849167007|33244495483,6
396,334,79751536771|77951183869|72949096533|85076870788|57849167007,5
396,193,79751536771|77951183869|72949096533|85076870788|57849167007,5
193,397,78449305881|70749088212,2
193,315,78449305881|70749088212|69249235775|33947607169|33947572928|33748778475|33644624108|8644285548|8644250609|0036170954|0035007474|0034312911,12
193,360,78449305881|33947597460|33847140478|0035025254|0035007474,5
397,295,78449305881|70749088212,2
397,315,78449305881|70749088212,2
397,360,78449305881,1
295,315,78449305881|70749088212|69249235775|33947572928|33748778475|8644285548|8644250609|0035007474|0034312911,9
295,360,78449305881|0035007474,2
315,360,78449305881|0035007474,2
398,399,77955658954,1
398,400,77955658954,1
398,401,77955658954,1
398,402,77955658954,1
398,325,77955658954,1
398,193,77955658954,1
399,400,77955658954,1
399,401,77955658954,1
399,402,77955658954,1
399,325,77955658954,1
399,193,77955658954,1
400,401,77955658954,1
400,402,77955658954,1
400,325,77955658954,1
400,193,77955658954,1
401,402,77955658954,1
401,325,77955658954,1
401,193,77955658954,1
402,325,77955658954,1
402,193,77955658954,1
358,334,77954235089,1
358,403,77954235089,1
358,404,77954235089,1
334,403,77954235089,1
334,404,77954235089,1
333,403,77954235089,1
333,404,77954235089,1
403,404,77954235089,1
403,193,77954235089,1
404,193,77954235089|73849117957,2
405,406,77954171112,1
405,193,77954171112,1
405,407,77954171112,1
405,297,77954171112,1
405,408,77954171112,1
406,193,77954171112,1
406,407,77954171112,1
406,297,77954171112,1
406,408,77954171112,1
193,407,77954171112,1
193,408,77954171112,1
407,297,77954171112,1
407,408,77954171112,1
297,408,77954171112,1
409,410,77951091850,1
409,193,77951091850,1
409,319,77951091850,1
410,193,77951091850,1
410,319,77951091850,1
333,411,77950312374|78650610139,2
411,193,77950312374|73149110402|52249090930|55349119902|85141722340,5
412,413,79960066877|73849117957,2
412,193,79960066877|73849117957,2
412,414,79960066877,1
413,193,79960066877|73849117957,2
413,414,79960066877,1
193,414,79960066877,1
193,411,78650610139,1
333,415,77951183869,1
395,415,77951183869,1
396,415,77951183869,1
415,334,77951183869,1
415,193,77951183869,1
396,395,72949096533|57849167007,2
360,397,70749088212,1
360,295,70749088212,1
360,315,70749088212,1
416,417,77951517803,1
416,418,77951517803,1
416,319,77951517803,1
416,193,77951517803,1
416,419,77951517803,1
417,418,77951517803,1
417,319,77951517803,1
417,193,77951517803,1
417,419,77951517803,1
418,319,77951517803,1
418,193,77951517803,1
418,419,77951517803,1
319,419,77951517803,1
193,419,77951517803,1
420,193,73949113432|84902192496,2
420,421,73949113432,1
420,422,73949113432,1
420,423,73949113432,1
420,238,73949113432,1
193,421,73949113432,1
193,422,73949113432,1
193,423,73949113432,1
421,422,73949113432|84902192496,2
421,423,73949113432,1
421,238,73949113432|84902192496,2
422,423,73949113432,1
422,238,73949113432|84902192496,2
423,238,73949113432,1
303,424,73849149528,1
303,414,73849149528,1
424,414,73849149528,1
424,193,73849149528,1
424,300,73849149528,1
414,193,73849149528,1
414,300,73849149528,1
412,404,73849117957,1
413,404,73849117957,1
411,333,73149110402|52249090930|55349119902|85141722340,4
425,426,70549094401,1
425,193,70549094401,1
425,427,70549094401,1
425,428,70549094401,1
426,193,70549094401,1
426,427,70549094401,1
426,428,70549094401,1
193,427,70549094401,1
193,428,70549094401,1
427,428,70549094401,1
429,360,69349085761|0035025254,2
429,193,69349085761|33947730443|8744256590,3
193,430,69249235775|0036168706,2
193,429,69249235775|0036170084|0036168706|0035025254,4
295,430,69249235775,1
295,429,69249235775,1
430,429,69249235775,1
430,315,69249235775|33644624108,2
429,315,69249235775,1
193,431,61849123191,1
193,432,61849123191,1
297,431,61849123191,1
297,432,61849123191,1
431,432,61849123191,1
395,333,85076870788,1
395,433,85076870788,1
333,433,85076870788,1
433,396,85076870788,1
433,334,85076870788,1
433,193,85076870788,1
333,434,57849167007,1
333,435,57849167007,1
396,434,57849167007,1
396,435,57849167007,1
434,395,57849167007,1
434,334,57849167007,1
434,193,57849167007,1
434,435,57849167007,1
395,435,57849167007,1
334,435,57849167007,1
193,435,57849167007,1
436,437,55649104743,1
436,438,55649104743,1
436,193,55649104743,1
436,439,55649104743,1
436,440,55649104743,1
437,438,55649104743,1
437,193,55649104743,1
437,439,55649104743,1
437,440,55649104743,1
438,193,55649104743,1
438,439,55649104743,1
438,440,55649104743,1
193,439,55649104743,1
193,440,55649104743,1
439,440,55649104743,1
390,441,77955118948,1
441,193,77955118948,1
372,442,77955117984,1
372,443,77955117984,1
372,444,77955117984,1
372,445,77955117984,1
372,446,77955117984,1
442,193,77955117984,1
442,443,77955117984,1
442,380,77955117984,1
442,444,77955117984,1
442,445,77955117984,1
442,446,77955117984,1
193,443,77955117984,1
193,444,77955117984,1
193,445,77955117984,1
193,446,77955117984,1
443,380,77955117984,1
443,444,77955117984,1
443,445,77955117984,1
443,446,77955117984,1
380,444,77955117984,1
380,445,77955117984,1
380,446,77955117984,1
444,445,77955117984,1
444,446,77955117984,1
445,446,77955117984,1
447,448,43549083207,1
447,449,43549083207,1
447,193,43549083207,1
447,450,43549083207,1
447,451,43549083207,1
447,452,43549083207,1
447,453,43549083207,1
448,449,43549083207,1
448,193,43549083207,1
448,450,43549083207,1
448,451,43549083207,1
448,452,43549083207,1
448,453,43549083207,1
449,193,43549083207,1
449,450,43549083207,1
449,451,43549083207,1
449,452,43549083207,1
449,453,43549083207,1
193,450,43549083207,1
193,451,43549083207,1
193,452,43549083207,1
193,453,43549083207,1
450,451,43549083207,1
450,452,43549083207,1
450,453,43549083207,1
451,452,43549083207,1
451,453,43549083207,1
452,453,43549083207,1
454,455,38949166368,1
454,385,38949166368,1
454,384,38949166368,1
454,387,38949166368,1
454,193,38949166368,1
454,319,38949166368,1
454,456,38949166368,1
454,383,38949166368,1
455,385,38949166368,1
455,384,38949166368,1
455,387,38949166368,1
455,193,38949166368,1
455,319,38949166368,1
455,456,38949166368,1
455,383,38949166368,1
385,384,38949166368,1
385,319,38949166368,1
385,456,38949166368,1
384,319,38949166368,1
384,456,38949166368,1
387,319,38949166368,1
387,456,38949166368,1
193,456,38949166368,1
319,456,38949166368,1
319,383,38949166368,1
456,383,38949166368,1
421,420,84902192496,1
421,193,84902192496,1
422,420,84902192496,1
422,193,84902192496,1
238,420,84902192496,1
457,193,70549104209,1
333,458,34547197765|33646676290,2
333,459,34547197765|33646676290,2
333,460,34547197765|33646676290,2
458,334,34547197765,1
458,193,34547197765|33646676290,2
458,459,34547197765|33646676290,2
458,460,34547197765|33646676290,2
458,319,34547197765,1
334,459,34547197765|33646676290,2
334,460,34547197765|33646676290,2
334,319,34547197765,1
193,459,34547197765|33646676290,2
193,460,34547197765|33646676290,2
459,460,34547197765|33646676290,2
459,319,34547197765,1
460,319,34547197765,1
429,390,33947730443|8744256590|0036170084|0036168706|0035025254,5
193,461,33947607169,1
461,390,33947607169,1
461,315,33947607169,1
461,295,33947607169,1
390,315,33947607169|33644624108,2
390,295,33947607169,1
315,295,33947607169|0036170954,2
430,193,33947597460|33847140478|33644624108|8744269533,4
430,390,33947597460|33847140478|33644624108|8744269533,4
430,449,33947597460|33847140478,2
430,360,33947597460|33847140478,2
193,449,33947597460|33847140478,2
390,449,33947597460|33847140478,2
390,360,33947597460|33847140478|0035025254|0035007474,4
449,360,33947597460|33847140478,2
295,390,33947572928|8644285548|8644250609|0035007474,4
315,390,33947572928|8644285548|8644250609|0035007474,4
300,462,34147196077,1
300,463,34147196077,1
462,463,34147196077,1
462,193,34147196077,1
463,193,34147196077,1
193,455,33947587461,1
193,464,33947587461|2042517593,2
193,465,33947587461|2042517593|0142091244|0142060637,4
193,466,33947587461,1
455,464,33947587461,1
455,465,33947587461,1
455,466,33947587461,1
464,465,33947587461|2042517593|0142060637,3
464,466,33947587461,1
465,466,33947587461,1
372,467,33751520782,1
467,193,33751520782,1
333,468,33646676290,1
334,458,33646676290,1
334,468,33646676290,1
458,468,33646676290,1
193,468,33646676290,1
459,468,33646676290,1
468,460,33646676290,1
333,469,33244495483|33244482210|21644458371|15544382397|2442501375,5
333,470,33244495483|33244482210|21644458371|15544382397|2442501375,5
333,471,33244495483,1
334,469,33244495483|33244482210|21644458371|15544382397|10044236477|2442501375,6
334,470,33244495483|33244482210|21644458371|15544382397|10044236477|2442501375,6
334,471,33244495483,1
334,395,33244495483,1
469,470,33244495483|33244482210|21644458371|15544382397|2442501375,5
469,471,33244495483,1
469,395,33244495483,1
469,193,33244495483|21644458371|10044236477,3
470,471,33244495483,1
470,395,33244495483,1
470,193,33244495483|21644458371|10044236477,3
471,395,33244495483,1
471,193,33244495483,1
193,469,33244482210|15544382397|2442501375,3
193,470,33244482210|15544382397|2442501375,3
430,333,33644624108,1
390,333,33644624108,1
315,333,33644624108,1
472,473,26844575593,1
472,474,26844575593,1
472,193,26844575593,1
472,475,26844575593,1
472,387,26844575593,1
472,476,26844575593,1
472,383,26844575593,1
473,474,26844575593,1
473,193,26844575593|0142091244,2
473,475,26844575593,1
473,387,26844575593,1
473,476,26844575593,1
473,383,26844575593,1
474,193,26844575593|26844527805,2
474,475,26844575593,1
474,387,26844575593,1
474,476,26844575593,1
474,383,26844575593,1
193,475,26844575593,1
193,476,26844575593,1
475,387,26844575593,1
475,476,26844575593,1
475,383,26844575593,1
387,476,26844575593,1
476,383,26844575593,1
477,193,26844490615|4544293217,2
477,478,26844490615|4544293217,2
477,283,26844490615,1
193,478,26844490615|4544293217,2
193,283,26844490615,1
478,283,26844490615,1
479,333,21644458371,1
479,334,21644458371,1
479,469,21644458371,1
479,470,21644458371,1
479,193,21644458371,1
333,480,15544382397|2442501375,2
333,481,15544382397,1
334,480,15544382397|2442501375,2
334,481,15544382397,1
193,480,15544382397|2442501375,2
193,481,15544382397,1
469,480,15544382397|2442501375,2
469,481,15544382397,1
470,480,15544382397|2442501375,2
470,481,15544382397,1
480,481,15544382397,1
334,482,10044236477,1
334,483,10044236477,1
470,469,10044236477,1
470,333,10044236477,1
470,482,10044236477,1
470,483,10044236477,1
469,333,10044236477,1
469,482,10044236477,1
469,483,10044236477,1
193,482,10044236477,1
193,483,10044236477,1
333,482,10044236477,1
333,483,10044236477,1
482,483,10044236477,1
484,485,4544316422,1
484,193,4544316422,1
484,319,4544316422,1
484,486,4544316422,1
485,193,4544316422,1
485,319,4544316422,1
485,486,4544316422,1
193,486,4544316422,1
319,486,4544316422,1
333,487,2442501375,1
333,488,2442501375,1
333,489,2442501375,1
333,490,2442501375,1
334,487,2442501375,1
334,488,2442501375,1
334,489,2442501375,1
334,490,2442501375,1
193,487,2442501375,1
193,488,2442501375,1
193,489,2442501375,1
193,490,2442501375,1
469,487,2442501375,1
469,488,2442501375,1
469,489,2442501375,1
469,490,2442501375,1
470,487,2442501375,1
470,488,2442501375,1
470,489,2442501375,1
470,490,2442501375,1
480,487,2442501375,1
480,488,2442501375,1
480,489,2442501375,1
480,490,2442501375,1
487,488,2442501375,1
487,489,2442501375,1
487,490,2442501375,1
488,489,2442501375,1
488,490,2442501375,1
489,490,2442501375,1
193,473,2042517593,1
193,491,2042517593|0142060637,2
193,492,2042517593|0142060637,2
464,473,2042517593,1
464,491,2042517593|0142060637,2
464,492,2042517593|0142060637,2
473,491,2042517593,1
473,492,2042517593,1
473,465,2042517593|0142091244,2
491,492,2042517593|0142060637,2
491,465,2042517593|0142060637,2
492,465,2042517593|0142060637,2
193,441,8644250609,1
193,493,8644250609,1
441,295,8644250609,1
441,315,8644250609,1
441,390,8644250609,1
441,493,8644250609,1
295,493,8644250609,1
315,493,8644250609,1
390,493,8644250609,1
464,193,0142060637,1
464,494,0142060637,1
193,494,0142060637,1
491,494,0142060637,1
494,492,0142060637,1
494,465,0142060637,1
495,372,0036234168,1
495,496,0036234168,1
495,326,0036234168,1
495,193,0036234168,1
372,496,0036234168,1
372,326,0036234168,1
496,326,0036234168,1
496,193,0036234168,1
326,193,0036234168,1
193,497,0036170084,1
193,498,0036170084,1
429,497,0036170084,1
429,498,0036170084,1
390,497,0036170084,1
390,498,0036170084,1
497,498,0036170084,1
429,430,0036168706,1
390,430,0036168706,1
193,499,0035906571,1
193,500,0035906571,1
499,500,0035906571,1