Author1,Author2,PaperId
57943728000,57200372107,85186762736
58021019600,57200372107,85186758463
58021019600,24830653800,85186758463
57200372107,24830653800,85186758463
58102893200,57200372107,85179509154
57580687900,57200372107,85176018163
57580687900,57224571557,85176018163
57580687900,58684797700,85176018163
57200372107,57224571557,85176018163
57200372107,58684797700,85176018163
57224571557,58684797700,85176018163
58103023900,58685155300,85176010920
58103023900,57200372107,85176010920
58685155300,57200372107,85176010920
58103023900,57202499664,85175988020
58103023900,57200372107,85175988020
57202499664,57200372107,85175988020
57383160600,57976270500,85148042208
57383160600,58102893200,85148042208
57383160600,58103023900,85148042208
57383160600,57876818100,85148042208
57383160600,57200372107,85148042208
57976270500,58102893200,85148042208
57976270500,58103023900,85148042208
57976270500,57876818100,85148042208
57976270500,57200372107,85148042208
58102893200,58103023900,85148042208
58102893200,57876818100,85148042208
58102893200,57200372107,85148042208
58103023900,57876818100,85148042208
58103023900,57200372107,85148042208
57876818100,57200372107,85148042208
57190390460,57698123200,85130294087
57190390460,57200372107,85130294087
57190390460,57194658358,85130294087
57698123200,57200372107,85130294087
57698123200,57194658358,85130294087
57200372107,57194658358,85130294087
57200372107,24830653800,85103262038
57200372107,25027558600,85103262038
57200372107,7005829745,85103262038
24830653800,25027558600,85103262038
24830653800,7005829745,85103262038
25027558600,7005829745,85103262038
57944211900,57943728000,85151329242
57944211900,58021019600,85151329242
57944211900,57361425500,85151329242
57944211900,57221978643,85151329242
57944211900,57200372107,85151329242
57943728000,58021019600,85151329242
57943728000,57361425500,85151329242
57943728000,57221978643,85151329242
57943728000,57200372107,85151329242
58021019600,57361425500,85151329242
58021019600,57221978643,85151329242
58021019600,57200372107,85151329242
57361425500,57221978643,85151329242
57361425500,57200372107,85151329242
57221978643,57200372107,85151329242
57983459100,57203207065,85142717115
57983459100,57983926500,85142717115
57983459100,57982518300,85142717115
57983459100,57982745800,85142717115
57983459100,57200372107,85142717115
57203207065,57983926500,85142717115
57203207065,57982518300,85142717115
57203207065,57982745800,85142717115
57203207065,57200372107,85142717115
57983926500,57982518300,85142717115
57983926500,57982745800,85142717115
57983926500,57200372107,85142717115
57982518300,57982745800,85142717115
57982518300,57200372107,85142717115
57982745800,57200372107,85142717115
57383818900,57212004450,85140788216
57383818900,57200372107,85140788216
57212004450,57200372107,85140788216
57223106589,57223107006,85125403847
57223106589,57223102465,85125403847
57223106589,57200372107,85125403847
57223107006,57223102465,85125403847
57223107006,57200372107,85125403847
57223102465,57200372107,85125403847
57467597200,57200372107,85125286724
57212004450,57383818900,85121646170
57212004450,57200372107,85121646170
57383818900,57200372107,85121646170
57223106589,57223107006,85104854964
57223106589,57223102465,85104854964
57223106589,57200372107,85104854964
57223107006,57223102465,85104854964
57223107006,57200372107,85104854964
57223102465,57200372107,85104854964
57200372107,24830653800,85041005603
57200372107,56757753900,85041005603
57200372107,7005829745,85041005603
24830653800,56757753900,85041005603
24830653800,7005829745,85041005603
56757753900,7005829745,85041005603
57200372107,25027558600,85054935548
57200372107,24830653800,85054935548
57200372107,7005829745,85054935548
25027558600,24830653800,85054935548
25027558600,7005829745,85054935548
24830653800,7005829745,85054935548
57215955901,8584012400,85063135697
57215955901,22033780200,85063135697
57215955901,25621300600,85063135697
57215955901,57200372107,85063135697
57215955901,8239870700,85063135697
57215955901,7005829745,85063135697
57215955901,24830653800,85063135697
8584012400,22033780200,85063135697
8584012400,25621300600,85063135697
8584012400,57200372107,85063135697
8584012400,8239870700,85063135697
8584012400,7005829745,85063135697
8584012400,24830653800,85063135697
22033780200,25621300600,85063135697
22033780200,57200372107,85063135697
22033780200,8239870700,85063135697
22033780200,7005829745,85063135697
22033780200,24830653800,85063135697
25621300600,57200372107,85063135697
25621300600,8239870700,85063135697
25621300600,7005829745,85063135697
25621300600,24830653800,85063135697
57200372107,8239870700,85063135697
57200372107,7005829745,85063135697
57200372107,24830653800,85063135697
8239870700,7005829745,85063135697
8239870700,24830653800,85063135697
7005829745,24830653800,85063135697
57216317307,57219655596,85191756511
57216317307,57541450600,85191756511
57216317307,57195584753,85191756511
57216317307,57215526082,85191756511
57219655596,57541450600,85191756511
57219655596,57195584753,85191756511
57219655596,57215526082,85191756511
57541450600,57195584753,85191756511
57541450600,57215526082,85191756511
57195584753,57215526082,85191756511
58684336400,57876249400,85176002250
58684336400,57876818100,85176002250
58684336400,57541450600,85176002250
57876249400,57876818100,85176002250
57876249400,57541450600,85176002250
57876818100,57541450600,85176002250
57203207065,57541450600,85175953748
57195584753,57216317307,85166781074
57195584753,57541450600,85166781074
57216317307,57541450600,85166781074
42661110600,57541450600,85142473941
42661110600,57219647517,85142473941
42661110600,57580783200,85142473941
57541450600,57219647517,85142473941
57541450600,57580783200,85142473941
57219647517,57580783200,85142473941
57215526082,58020067500,85144200197
57215526082,58021019600,85144200197
57215526082,6505827132,85144200197
57215526082,57541450600,85144200197
58020067500,58021019600,85144200197
58020067500,6505827132,85144200197
58020067500,57541450600,85144200197
58021019600,6505827132,85144200197
58021019600,57541450600,85144200197
6505827132,57541450600,85144200197
57216317307,57219655596,85115863696
57216317307,57541450600,85115863696
57216317307,57195584753,85115863696
57219655596,57541450600,85115863696
57219655596,57195584753,85115863696
57541450600,57195584753,85115863696
57216317307,57541450600,85090602536
57216317307,57195584753,85090602536
57541450600,57195584753,85090602536
57222387436,57222390649,85126818808
57222387436,57541450600,85126818808
57222387436,57219521008,85126818808
57222387436,57219655742,85126818808
57222387436,56192901500,85126818808
57222387436,57200308316,85126818808
57222390649,57541450600,85126818808
57222390649,57219521008,85126818808
57222390649,57219655742,85126818808
57222390649,56192901500,85126818808
57222390649,57200308316,85126818808
57541450600,57219521008,85126818808
57541450600,57219655742,85126818808
57541450600,56192901500,85126818808
57541450600,57200308316,85126818808
57219521008,57219655742,85126818808
57219521008,56192901500,85126818808
57219521008,57200308316,85126818808
57219655742,56192901500,85126818808
57219655742,57200308316,85126818808
56192901500,57200308316,85126818808
57215429533,57215412021,85112606579
57215429533,55989706100,85112606579
57215429533,13805817000,85112606579
57215429533,6507090357,85112606579
57215429533,57541450600,85112606579
57215412021,55989706100,85112606579
57215412021,13805817000,85112606579
57215412021,6507090357,85112606579
57215412021,57541450600,85112606579
55989706100,13805817000,85112606579
55989706100,6507090357,85112606579
55989706100,57541450600,85112606579
13805817000,6507090357,85112606579
13805817000,57541450600,85112606579
6507090357,57541450600,85112606579
42661110600,57219651478,85094621883
42661110600,57541450600,85094621883
42661110600,57219541549,85094621883
57219651478,57541450600,85094621883
57219651478,57219541549,85094621883
57541450600,57219541549,85094621883
57219655596,57541450600,85094569019
57219655596,36519678800,85094569019
57219655596,6505827132,85094569019
57541450600,36519678800,85094569019
57541450600,6505827132,85094569019
36519678800,6505827132,85094569019
57195584753,57219651478,85097268370
57195584753,42661110600,85097268370
57195584753,57541450600,85097268370
57219651478,42661110600,85097268370
57219651478,57541450600,85097268370
42661110600,57541450600,85097268370
55953626900,12240687000,85082140804
55953626900,57541450600,85082140804
12240687000,57541450600,85082140804
57216317307,57215526082,85083089114
57216317307,57541450600,85083089114
57216317307,6507090357,85083089114
57216317307,55989706100,85083089114
57215526082,57541450600,85083089114
57215526082,6507090357,85083089114
57215526082,55989706100,85083089114
57541450600,6507090357,85083089114
57541450600,55989706100,85083089114
6507090357,55989706100,85083089114
56728626400,6507090357,85006085494
56728626400,57541450600,85006085494
56728626400,55989706100,85006085494
56728626400,8368580500,85006085494
6507090357,57541450600,85006085494
6507090357,55989706100,85006085494
6507090357,8368580500,85006085494
57541450600,55989706100,85006085494
57541450600,8368580500,85006085494
55989706100,8368580500,85006085494
57541450600,56673643400,85007470569
57541450600,6507090357,84955313916
57541450600,6507090357,84908474515
57541450600,6507090357,84927144609
57541450600,6507090357,84899076098
57541450600,6507090357,80054755770
57541450600,35217690900,80054755770
57541450600,12345301000,80054755770
6507090357,35217690900,80054755770
6507090357,12345301000,80054755770
35217690900,12345301000,80054755770
57976270500,58602846600,85184029623
57976270500,58862796200,85184029623
57976270500,58601192900,85184029623
57976270500,57202499664,85184029623
58602846600,58862796200,85184029623
58602846600,58601192900,85184029623
58602846600,57202499664,85184029623
58862796200,58601192900,85184029623
58862796200,57202499664,85184029623
58601192900,57202499664,85184029623
58782992600,57202499664,85180717661
58782992600,36834263900,85180717661
57202499664,36834263900,85180717661
57982518300,57202499664,85175991750
58684048500,58021019600,85175945151
58684048500,58684208700,85175945151
58684048500,57202499664,85175945151
58021019600,58684208700,85175945151
58021019600,57202499664,85175945151
58684208700,57202499664,85175945151
57876249400,57876818100,85137367581
57876249400,57219009247,85137367581
57876249400,35746975300,85137367581
57876249400,57202499664,85137367581
57876818100,57219009247,85137367581
57876818100,35746975300,85137367581
57876818100,57202499664,85137367581
57219009247,35746975300,85137367581
57219009247,57202499664,85137367581
35746975300,57202499664,85137367581
57216622500,57202499664,85122670149
57216622500,57203089014,85122670149
57216622500,23567387400,85122670149
57216622500,26326390400,85122670149
57202499664,57203089014,85122670149
57202499664,23567387400,85122670149
57202499664,26326390400,85122670149
57203089014,23567387400,85122670149
57203089014,26326390400,85122670149
23567387400,26326390400,85122670149
57202499664,26326390400,85122660970
57202499664,35485001300,85122660970
26326390400,35485001300,85122660970
36834263900,57202499664,85151326273
36834263900,57195584753,85151326273
36834263900,58165709800,85151326273
57202499664,57195584753,85151326273
57202499664,58165709800,85151326273
57195584753,58165709800,85151326273
58166951100,57202499664,85151325777
58166951100,57195584753,85151325777
57202499664,57195584753,85151325777
57983926500,57983459100,85142736640
57983926500,57202499664,85142736640
57983459100,57202499664,85142736640
57944211900,57195584753,85140725572
57944211900,57202499664,85140725572
57195584753,57202499664,85140725572
57200640605,57383818900,85128925812
57200640605,57202499664,85128925812
57383818900,57202499664,85128925812
57383160600,57195584753,85127056253
57383160600,26326390400,85127056253
57383160600,57202499664,85127056253
57195584753,26326390400,85127056253
57195584753,57202499664,85127056253
26326390400,57202499664,85127056253
57486454000,57484999800,85126194923
57486454000,57202499664,85126194923
57484999800,57202499664,85126194923
57485011900,57202499664,85126193052
57485011900,57211907340,85126193052
57485011900,35746975300,85126193052
57202499664,57211907340,85126193052
57202499664,35746975300,85126193052
57211907340,35746975300,85126193052
57348933000,57202499664,85121375825
57216622500,57202499664,85107636364
57216622500,26326390400,85107636364
57202499664,26326390400,85107636364
57192274114,57224956177,85108700079
57192274114,57202499664,85108700079
57192274114,36802472400,85108700079
57192274114,35746975300,85108700079
57224956177,57202499664,85108700079
57224956177,36802472400,85108700079
57224956177,35746975300,85108700079
57202499664,36802472400,85108700079
57202499664,35746975300,85108700079
36802472400,35746975300,85108700079
57383160600,57195584753,85121588563
57383160600,57202499664,85121588563
57195584753,57202499664,85121588563
57202499664,26326390400,85103565316
57202499664,26326390400,85095707593
57202499664,35485001300,85089305672
57202499664,26326390400,85089305672
35485001300,26326390400,85089305672
57202499664,55382750600,85088295237
57202499664,26326390400,85088295237
55382750600,26326390400,85088295237
57202499664,26326390400,85089307469
57202499664,57216622500,85084074212
57202499664,57216615773,85084074212
57202499664,26326390400,85084074212
57216622500,57216615773,85084074212
57216622500,26326390400,85084074212
57216615773,26326390400,85084074212
57202499664,26326390400,85064980928
57202499664,55382750600,85077812600
57202499664,26326390400,85077812600
55382750600,26326390400,85077812600
57202499664,26326390400,85059447427
57202499664,57190841143,85050497152
57202499664,26326390400,85050497152
57202499664,57203089014,85050497152
57190841143,26326390400,85050497152
57190841143,57203089014,85050497152
26326390400,57203089014,85050497152
57202499664,26326390400,85048530545
57202499664,59105287200,85048530545
26326390400,59105287200,85048530545
16644234600,56496710900,85177785504
16644234600,8850768400,85177785504
56496710900,8850768400,85177785504
36834263900,57976270500,85190408646
36834263900,58968212200,85190408646
36834263900,56496710900,85190408646
36834263900,57216323335,85190408646
57976270500,58968212200,85190408646
57976270500,56496710900,85190408646
57976270500,57216323335,85190408646
58968212200,56496710900,85190408646
58968212200,57216323335,85190408646
56496710900,57216323335,85190408646
58684983900,56496710900,85175975430
56496710900,6603898641,85135233304
56496710900,57204767770,85135233304
6603898641,57204767770,85135233304
56496710900,6603898641,85147923090
56496710900,35748396600,85147923090
56496710900,55430510400,85147923090
6603898641,35748396600,85147923090
6603898641,55430510400,85147923090
35748396600,55430510400,85147923090
57192220711,57195584753,85142425450
57192220711,56496710900,85142425450
57195584753,56496710900,85142425450
57189242187,56496710900,85130256324
57189242187,56496710900,85126197209
56496710900,57189242187,85123304464
56496710900,57194055579,85123304464
56496710900,57200384056,85123304464
57189242187,57194055579,85123304464
57189242187,57200384056,85123304464
57194055579,57200384056,85123304464
57189242187,56496710900,85118659496
57189242187,57194055579,85118659496
57189242187,57200384056,85118659496
56496710900,57194055579,85118659496
56496710900,57200384056,85118659496
57194055579,57200384056,85118659496
56496710900,6603898641,85048593501
56496710900,55430510400,85048593501
6603898641,55430510400,85048593501
56496710900,6603898641,85038249932
56496710900,35748396600,85038249932
56496710900,55430510400,85038249932
6603898641,35748396600,85038249932
6603898641,55430510400,85038249932
35748396600,55430510400,85038249932
56496710900,6603898641,85026361140
56496710900,55430510400,85026361140
6603898641,55430510400,85026361140
56496710900,6603898641,85016020257
56496710900,35748396600,85016020257
56496710900,55430510400,85016020257
6603898641,35748396600,85016020257
6603898641,55430510400,85016020257
35748396600,55430510400,85016020257
56496710900,6603898641,85008257152
56496710900,35748396600,85008257152
56496710900,55430510400,85008257152
6603898641,35748396600,85008257152
6603898641,55430510400,85008257152
35748396600,55430510400,85008257152
55837901400,56496710900,84986005324
55837901400,7007101440,84986005324
55837901400,6603898641,84986005324
55837901400,55430510400,84986005324
56496710900,7007101440,84986005324
56496710900,6603898641,84986005324
56496710900,55430510400,84986005324
7007101440,6603898641,84986005324
7007101440,55430510400,84986005324
6603898641,55430510400,84986005324
56496710900,6603898641,84961743290
56496710900,16644234600,84961743290
56496710900,55430510400,84961743290
6603898641,16644234600,84961743290
6603898641,55430510400,84961743290
16644234600,55430510400,84961743290
56496710900,6603898641,84921873479
56496710900,55430510400,84921873479
6603898641,55430510400,84921873479
57976270500,58103023900,85179765045
57976270500,57983459100,85179765045
57976270500,57876818100,85179765045
57976270500,57196051499,85179765045
57976270500,58601192900,85179765045
58103023900,57983459100,85179765045
58103023900,57876818100,85179765045
58103023900,57196051499,85179765045
58103023900,58601192900,85179765045
57983459100,57876818100,85179765045
57983459100,57196051499,85179765045
57983459100,58601192900,85179765045
57876818100,57196051499,85179765045
57876818100,58601192900,85179765045
57196051499,58601192900,85179765045
57196051499,57205606781,85176468136
57196051499,18433937300,85176468136
57196051499,13104854900,85176468136
57196051499,55053598600,85176468136
57196051499,57189843977,85176468136
57205606781,18433937300,85176468136
57205606781,13104854900,85176468136
57205606781,55053598600,85176468136
57205606781,57189843977,85176468136
18433937300,13104854900,85176468136
18433937300,55053598600,85176468136
18433937300,57189843977,85176468136
13104854900,55053598600,85176468136
13104854900,57189843977,85176468136
55053598600,57189843977,85176468136
57028493700,18433937300,85171480744
57028493700,57191271638,85171480744
57028493700,57196051499,85171480744
57028493700,57222259441,85171480744
18433937300,57191271638,85171480744
18433937300,57196051499,85171480744
18433937300,57222259441,85171480744
57191271638,57196051499,85171480744
57191271638,57222259441,85171480744
57196051499,57222259441,85171480744
57196051499,18433937300,85132912978
56949948800,57196051499,85135049986
56949948800,18433937300,85135049986
57196051499,18433937300,85135049986
57196051499,18433937300,85133614838
57196051499,16230372800,85133614838
57196051499,57787747100,85133614838
18433937300,16230372800,85133614838
18433937300,57787747100,85133614838
16230372800,57787747100,85133614838
57196051499,18433937300,85089170148
57196051499,8605223500,85089170148
18433937300,8605223500,85089170148
57196051499,56949948800,85054891996
57196051499,18433937300,85054891996
57196051499,17345281500,85054891996
57196051499,57204190136,85054891996
56949948800,18433937300,85054891996
56949948800,17345281500,85054891996
56949948800,57204190136,85054891996
18433937300,17345281500,85054891996
18433937300,57204190136,85054891996
17345281500,57204190136,85054891996
56949948800,57196051499,85042430386
56949948800,18433937300,85042430386
56949948800,55834961500,85042430386
56949948800,17345281500,85042430386
57196051499,18433937300,85042430386
57196051499,55834961500,85042430386
57196051499,17345281500,85042430386
18433937300,55834961500,85042430386
18433937300,17345281500,85042430386
55834961500,17345281500,85042430386
57196051499,56949948800,85031433055
57196051499,18433937300,85031433055
57196051499,17345281500,85031433055
56949948800,18433937300,85031433055
56949948800,17345281500,85031433055
18433937300,17345281500,85031433055
57203582433,56193613500,85166429934
57203582433,57204610734,85166429934
57203582433,50162178600,85166429934
57203582433,7005435981,85166429934
57203582433,26667704700,85166429934
57203582433,57861200700,85166429934
57203582433,37108511300,85166429934
56193613500,57204610734,85166429934
56193613500,50162178600,85166429934
56193613500,7005435981,85166429934
56193613500,26667704700,85166429934
56193613500,57861200700,85166429934
56193613500,37108511300,85166429934
57204610734,50162178600,85166429934
57204610734,7005435981,85166429934
57204610734,26667704700,85166429934
57204610734,57861200700,85166429934
57204610734,37108511300,85166429934
50162178600,7005435981,85166429934
50162178600,26667704700,85166429934
50162178600,57861200700,85166429934
50162178600,37108511300,85166429934
7005435981,26667704700,85166429934
7005435981,57861200700,85166429934
7005435981,37108511300,85166429934
26667704700,57861200700,85166429934
26667704700,37108511300,85166429934
57861200700,37108511300,85166429934
55101938000,58514458900,85166328931
55101938000,58305220200,85166328931
55101938000,26667704700,85166328931
55101938000,58515361200,85166328931
55101938000,58172457000,85166328931
55101938000,26655275400,85166328931
58514458900,58305220200,85166328931
58514458900,26667704700,85166328931
58514458900,58515361200,85166328931
58514458900,58172457000,85166328931
58514458900,26655275400,85166328931
58305220200,26667704700,85166328931
58305220200,58515361200,85166328931
58305220200,58172457000,85166328931
58305220200,26655275400,85166328931
26667704700,58515361200,85166328931
26667704700,58172457000,85166328931
26667704700,26655275400,85166328931
58515361200,58172457000,85166328931
58515361200,26655275400,85166328931
58172457000,26655275400,85166328931
57226272488,57214756448,85115079233
57226272488,57226291456,85115079233
57226272488,26667704700,85115079233
57226272488,55993755500,85115079233
57214756448,57226291456,85115079233
57214756448,26667704700,85115079233
57214756448,55993755500,85115079233
57226291456,26667704700,85115079233
57226291456,55993755500,85115079233
26667704700,55993755500,85115079233
57374334200,26667704700,85121269568
57374334200,6602635796,85121269568
57374334200,38561901200,85121269568
57374334200,56294575100,85121269568
26667704700,6602635796,85121269568
26667704700,38561901200,85121269568
26667704700,56294575100,85121269568
6602635796,38561901200,85121269568
6602635796,56294575100,85121269568
38561901200,56294575100,85121269568
57226291456,57190854436,85111031807
57226291456,57226272488,85111031807
57226291456,26667704700,85111031807
57226291456,56412028100,85111031807
57226291456,55993755500,85111031807
57190854436,57226272488,85111031807
57190854436,26667704700,85111031807
57190854436,56412028100,85111031807
57190854436,55993755500,85111031807
57226272488,26667704700,85111031807
57226272488,56412028100,85111031807
57226272488,55993755500,85111031807
26667704700,56412028100,85111031807
26667704700,55993755500,85111031807
56412028100,55993755500,85111031807
49863643300,57193546270,85107702076
49863643300,26667704700,85107702076
57193546270,26667704700,85107702076
57220160851,57213772834,85097049656
57220160851,59047653500,85097049656
57220160851,7003480967,85097049656
57220160851,57212218812,85097049656
57220160851,34869168800,85097049656
57220160851,7003330586,85097049656
57220160851,16157484600,85097049656
57220160851,36718936000,85097049656
57220160851,26667704700,85097049656
57220160851,51663627700,85097049656
57213772834,59047653500,85097049656
57213772834,7003480967,85097049656
57213772834,57212218812,85097049656
57213772834,34869168800,85097049656
57213772834,7003330586,85097049656
57213772834,16157484600,85097049656
57213772834,36718936000,85097049656
57213772834,26667704700,85097049656
57213772834,51663627700,85097049656
59047653500,7003480967,85097049656
59047653500,57212218812,85097049656
59047653500,34869168800,85097049656
59047653500,7003330586,85097049656
59047653500,16157484600,85097049656
59047653500,36718936000,85097049656
59047653500,26667704700,85097049656
59047653500,51663627700,85097049656
7003480967,57212218812,85097049656
7003480967,34869168800,85097049656
7003480967,7003330586,85097049656
7003480967,16157484600,85097049656
7003480967,36718936000,85097049656
7003480967,26667704700,85097049656
7003480967,51663627700,85097049656
57212218812,34869168800,85097049656
57212218812,7003330586,85097049656
57212218812,16157484600,85097049656
57212218812,36718936000,85097049656
57212218812,26667704700,85097049656
57212218812,51663627700,85097049656
34869168800,7003330586,85097049656
34869168800,16157484600,85097049656
34869168800,36718936000,85097049656
34869168800,26667704700,85097049656
34869168800,51663627700,85097049656
7003330586,16157484600,85097049656
7003330586,36718936000,85097049656
7003330586,26667704700,85097049656
7003330586,51663627700,85097049656
16157484600,36718936000,85097049656
16157484600,26667704700,85097049656
16157484600,51663627700,85097049656
36718936000,26667704700,85097049656
36718936000,51663627700,85097049656
26667704700,51663627700,85097049656
57226291456,57226272488,85124875159
57226291456,26667704700,85124875159
57226291456,55993755500,85124875159
57226272488,26667704700,85124875159
57226272488,55993755500,85124875159
26667704700,55993755500,85124875159
49863643300,56033080100,85067669968
49863643300,7004511202,85067669968
49863643300,57209412786,85067669968
49863643300,26667704700,85067669968
56033080100,7004511202,85067669968
56033080100,57209412786,85067669968
56033080100,26667704700,85067669968
7004511202,57209412786,85067669968
7004511202,26667704700,85067669968
57209412786,26667704700,85067669968
57208709439,26667704700,85079744231
57208709439,51663627700,85079744231
26667704700,51663627700,85079744231
57201151666,57201153368,85043585807
57201151666,57201151353,85043585807
57201151666,56968164700,85043585807
57201151666,26667704700,85043585807
57201151666,55101938000,85043585807
57201153368,57201151353,85043585807
57201153368,56968164700,85043585807
57201153368,26667704700,85043585807
57201153368,55101938000,85043585807
57201151353,56968164700,85043585807
57201151353,26667704700,85043585807
57201151353,55101938000,85043585807
56968164700,26667704700,85043585807
56968164700,55101938000,85043585807
26667704700,55101938000,85043585807
49863643300,56033971500,84893824397
49863643300,56033551900,84893824397
49863643300,26655275400,84893824397
49863643300,26667704700,84893824397
49863643300,7004511202,84893824397
49863643300,56033080100,84893824397
56033971500,56033551900,84893824397
56033971500,26655275400,84893824397
56033971500,26667704700,84893824397
56033971500,7004511202,84893824397
56033971500,56033080100,84893824397
56033551900,26655275400,84893824397
56033551900,26667704700,84893824397
56033551900,7004511202,84893824397
56033551900,56033080100,84893824397
26655275400,26667704700,84893824397
26655275400,7004511202,84893824397
26655275400,56033080100,84893824397
26667704700,7004511202,84893824397
26667704700,56033080100,84893824397
7004511202,56033080100,84893824397
26667704700,55746787900,84878189239
26667704700,6603651982,84878189239
26667704700,56002674800,84878189239
26667704700,6507870080,84878189239
26667704700,6508093448,84878189239
55746787900,6603651982,84878189239
55746787900,56002674800,84878189239
55746787900,6507870080,84878189239
55746787900,6508093448,84878189239
6603651982,56002674800,84878189239
6603651982,6507870080,84878189239
6603651982,6508093448,84878189239
56002674800,6507870080,84878189239
56002674800,6508093448,84878189239
6507870080,6508093448,84878189239
8643624200,6603651982,67649886835
8643624200,56002674800,67649886835
8643624200,26667704700,67649886835
8643624200,7004690561,67649886835
8643624200,7005908342,67649886835
8643624200,6508093448,67649886835
6603651982,56002674800,67649886835
6603651982,26667704700,67649886835
6603651982,7004690561,67649886835
6603651982,7005908342,67649886835
6603651982,6508093448,67649886835
56002674800,26667704700,67649886835
56002674800,7004690561,67649886835
56002674800,7005908342,67649886835
56002674800,6508093448,67649886835
26667704700,7004690561,67649886835
26667704700,7005908342,67649886835
26667704700,6508093448,67649886835
7004690561,7005908342,67649886835
7004690561,6508093448,67649886835
7005908342,6508093448,67649886835
57263408300,57016899000,85183344144
57263408300,55777088200,85183344144
57263408300,57201444729,85183344144
57263408300,25722313700,85183344144
57263408300,7202571211,85183344144
57263408300,6602346507,85183344144
57263408300,36080821700,85183344144
57016899000,55777088200,85183344144
57016899000,57201444729,85183344144
57016899000,25722313700,85183344144
57016899000,7202571211,85183344144
57016899000,6602346507,85183344144
57016899000,36080821700,85183344144
55777088200,57201444729,85183344144
55777088200,25722313700,85183344144
55777088200,7202571211,85183344144
55777088200,6602346507,85183344144
55777088200,36080821700,85183344144
57201444729,25722313700,85183344144
57201444729,7202571211,85183344144
57201444729,6602346507,85183344144
57201444729,36080821700,85183344144
25722313700,7202571211,85183344144
25722313700,6602346507,85183344144
25722313700,36080821700,85183344144
7202571211,6602346507,85183344144
7202571211,36080821700,85183344144
6602346507,36080821700,85183344144
57745847700,6602530806,85166241171
57745847700,54897956000,85166241171
57745847700,7202571211,85166241171
6602530806,54897956000,85166241171
6602530806,7202571211,85166241171
54897956000,7202571211,85166241171
58405206900,57191408947,85163635156
58405206900,7202571211,85163635156
58405206900,54897956000,85163635156
57191408947,7202571211,85163635156
57191408947,54897956000,85163635156
7202571211,54897956000,85163635156
58178974700,57191367037,85152206403
58178974700,36197925400,85152206403
58178974700,55968766500,85152206403
58178974700,7003777604,85152206403
58178974700,57203761061,85152206403
58178974700,7202571211,85152206403
57191367037,36197925400,85152206403
57191367037,55968766500,85152206403
57191367037,7003777604,85152206403
57191367037,57203761061,85152206403
57191367037,7202571211,85152206403
36197925400,55968766500,85152206403
36197925400,7003777604,85152206403
36197925400,57203761061,85152206403
36197925400,7202571211,85152206403
55968766500,7003777604,85152206403
55968766500,57203761061,85152206403
55968766500,7202571211,85152206403
7003777604,57203761061,85152206403
7003777604,7202571211,85152206403
57203761061,7202571211,85152206403
57904269100,54784002000,85138695494
57904269100,57189729597,85138695494
57904269100,6603163202,85138695494
57904269100,7202571211,85138695494
54784002000,57189729597,85138695494
54784002000,6603163202,85138695494
54784002000,7202571211,85138695494
57189729597,6603163202,85138695494
57189729597,7202571211,85138695494
6603163202,7202571211,85138695494
57845070100,54784002000,85151167849
57845070100,57203761061,85151167849
57845070100,57189729597,85151167849
57845070100,6603163202,85151167849
57845070100,7003777604,85151167849
57845070100,7202571211,85151167849
54784002000,57203761061,85151167849
54784002000,57189729597,85151167849
54784002000,6603163202,85151167849
54784002000,7003777604,85151167849
54784002000,7202571211,85151167849
57203761061,57189729597,85151167849
57203761061,6603163202,85151167849
57203761061,7003777604,85151167849
57203761061,7202571211,85151167849
57189729597,6603163202,85151167849
57189729597,7003777604,85151167849
57189729597,7202571211,85151167849
6603163202,7003777604,85151167849
6603163202,7202571211,85151167849
7003777604,7202571211,85151167849
56228003300,6603874984,85173485095
56228003300,7202571211,85173485095
56228003300,58634239900,85173485095
6603874984,7202571211,85173485095
6603874984,58634239900,85173485095
7202571211,58634239900,85173485095
57215925895,7202571211,85163591010
57215925895,55338178900,85163591010
7202571211,55338178900,85163591010
58353319600,58354638900,85163022794
58353319600,56674216400,85163022794
58353319600,58353319700,85163022794
58353319600,57203761061,85163022794
58353319600,7202571211,85163022794
58354638900,56674216400,85163022794
58354638900,58353319700,85163022794
58354638900,57203761061,85163022794
58354638900,7202571211,85163022794
56674216400,58353319700,85163022794
56674216400,57203761061,85163022794
56674216400,7202571211,85163022794
58353319700,57203761061,85163022794
58353319700,7202571211,85163022794
57203761061,7202571211,85163022794
58064023400,54784002000,85146232350
58064023400,56674216400,85146232350
58064023400,7202571211,85146232350
54784002000,56674216400,85146232350
54784002000,7202571211,85146232350
56674216400,7202571211,85146232350
57803405400,7202848155,85135950534
57803405400,57803674000,85135950534
57803405400,7202571211,85135950534
57803405400,55580762000,85135950534
7202848155,57803674000,85135950534
7202848155,7202571211,85135950534
7202848155,55580762000,85135950534
57803674000,7202571211,85135950534
57803674000,55580762000,85135950534
7202571211,55580762000,85135950534
7202848155,57803405400,85134263431
7202848155,7202571211,85134263431
7202848155,57213154189,85134263431
7202848155,57803674000,85134263431
7202848155,57803145800,85134263431
7202848155,57192440823,85134263431
7202848155,55580762000,85134263431
57803405400,7202571211,85134263431
57803405400,57213154189,85134263431
57803405400,57803674000,85134263431
57803405400,57803145800,85134263431
57803405400,57192440823,85134263431
57803405400,55580762000,85134263431
7202571211,57213154189,85134263431
7202571211,57803674000,85134263431
7202571211,57803145800,85134263431
7202571211,57192440823,85134263431
7202571211,55580762000,85134263431
57213154189,57803674000,85134263431
57213154189,57803145800,85134263431
57213154189,57192440823,85134263431
57213154189,55580762000,85134263431
57803674000,57803145800,85134263431
57803674000,57192440823,85134263431
57803674000,55580762000,85134263431
57803145800,57192440823,85134263431
57803145800,55580762000,85134263431
57192440823,55580762000,85134263431
57213154189,57679255800,85129844953
57213154189,58294380500,85129844953
57213154189,6506069501,85129844953
57213154189,7202571211,85129844953
57679255800,58294380500,85129844953
57679255800,6506069501,85129844953
57679255800,7202571211,85129844953
58294380500,6506069501,85129844953
58294380500,7202571211,85129844953
6506069501,7202571211,85129844953
57213154189,57383064600,85127723312
57213154189,7202848155,85127723312
57213154189,57210575565,85127723312
57213154189,55986974300,85127723312
57213154189,7202571211,85127723312
57383064600,7202848155,85127723312
57383064600,57210575565,85127723312
57383064600,55986974300,85127723312
57383064600,7202571211,85127723312
7202848155,57210575565,85127723312
7202848155,55986974300,85127723312
7202848155,7202571211,85127723312
57210575565,55986974300,85127723312
57210575565,7202571211,85127723312
55986974300,7202571211,85127723312
57195458031,57428697900,85123617740
57195458031,57428870400,85123617740
57195458031,6506912366,85123617740
57195458031,7202571211,85123617740
57428697900,57428870400,85123617740
57428697900,6506912366,85123617740
57428697900,7202571211,85123617740
57428870400,6506912366,85123617740
57428870400,7202571211,85123617740
6506912366,7202571211,85123617740
57758914500,57194025353,85132523210
57758914500,26031127800,85132523210
57758914500,54685210400,85132523210
57758914500,57758727400,85132523210
57758914500,57189618404,85132523210
57758914500,7202571211,85132523210
57758914500,57191367037,85132523210
57194025353,26031127800,85132523210
57194025353,54685210400,85132523210
57194025353,57758727400,85132523210
57194025353,57189618404,85132523210
57194025353,7202571211,85132523210
57194025353,57191367037,85132523210
26031127800,54685210400,85132523210
26031127800,57758727400,85132523210
26031127800,57189618404,85132523210
26031127800,7202571211,85132523210
26031127800,57191367037,85132523210
54685210400,57758727400,85132523210
54685210400,57189618404,85132523210
54685210400,7202571211,85132523210
54685210400,57191367037,85132523210
57758727400,57189618404,85132523210
57758727400,7202571211,85132523210
57758727400,57191367037,85132523210
57189618404,7202571211,85132523210
57189618404,57191367037,85132523210
7202571211,57191367037,85132523210
57653620700,57655269300,85129027881
57653620700,7202571211,85129027881
57655269300,7202571211,85129027881
57213154189,57383064600,85121588419
57213154189,57210575565,85121588419
57213154189,6506069501,85121588419
57213154189,7202571211,85121588419
57383064600,57210575565,85121588419
57383064600,6506069501,85121588419
57383064600,7202571211,85121588419
57210575565,6506069501,85121588419
57210575565,7202571211,85121588419
6506069501,7202571211,85121588419
57674534200,7202848155,85111946060
57674534200,57206274161,85111946060
57674534200,7202571211,85111946060
57674534200,57224083388,85111946060
57674534200,55580762000,85111946060
7202848155,57206274161,85111946060
7202848155,7202571211,85111946060
7202848155,57224083388,85111946060
7202848155,55580762000,85111946060
57206274161,7202571211,85111946060
57206274161,57224083388,85111946060
57206274161,55580762000,85111946060
7202571211,57224083388,85111946060
7202571211,55580762000,85111946060
57224083388,55580762000,85111946060
50562044200,7202848155,85106926571
50562044200,7202571211,85106926571
50562044200,55372476800,85106926571
50562044200,57224083388,85106926571
50562044200,55580762000,85106926571
7202848155,7202571211,85106926571
7202848155,55372476800,85106926571
7202848155,57224083388,85106926571
7202848155,55580762000,85106926571
7202571211,55372476800,85106926571
7202571211,57224083388,85106926571
7202571211,55580762000,85106926571
55372476800,57224083388,85106926571
55372476800,55580762000,85106926571
57224083388,55580762000,85106926571
54784002000,57222401505,85102646623
54784002000,7202571211,85102646623
57222401505,7202571211,85102646623
57224004283,6602530806,85106723031
57224004283,7202571211,85106723031
6602530806,7202571211,85106723031
55338178900,57203761061,85094950733
55338178900,57219728918,85094950733
55338178900,54784002000,85094950733
55338178900,7202571211,85094950733
57203761061,57219728918,85094950733
57203761061,54784002000,85094950733
57203761061,7202571211,85094950733
57219728918,54784002000,85094950733
57219728918,7202571211,85094950733
54784002000,7202571211,85094950733
57211819143,54784002000,85090963194
57211819143,57194004428,85090963194
57211819143,8320782300,85090963194
57211819143,7202571211,85090963194
54784002000,57194004428,85090963194
54784002000,8320782300,85090963194
54784002000,7202571211,85090963194
57194004428,8320782300,85090963194
57194004428,7202571211,85090963194
8320782300,7202571211,85090963194
57194004428,57197806611,85090201256
57194004428,7202571211,85090201256
57194004428,54784002000,85090201256
57197806611,7202571211,85090201256
57197806611,54784002000,85090201256
7202571211,54784002000,85090201256
6602530806,7202571211,85089393722
6602530806,57203761061,85089393722
6602530806,57218510965,85089393722
6602530806,57200607092,85089393722
6602530806,57199156265,85089393722
6602530806,57218511809,85089393722
6602530806,57218516858,85089393722
6602530806,7003371102,85089393722
6602530806,23134364000,85089393722
7202571211,57203761061,85089393722
7202571211,57218510965,85089393722
7202571211,57200607092,85089393722
7202571211,57199156265,85089393722
7202571211,57218511809,85089393722
7202571211,57218516858,85089393722
7202571211,7003371102,85089393722
7202571211,23134364000,85089393722
57203761061,57218510965,85089393722
57203761061,57200607092,85089393722
57203761061,57199156265,85089393722
57203761061,57218511809,85089393722
57203761061,57218516858,85089393722
57203761061,7003371102,85089393722
57203761061,23134364000,85089393722
57218510965,57200607092,85089393722
57218510965,57199156265,85089393722
57218510965,57218511809,85089393722
57218510965,57218516858,85089393722
57218510965,7003371102,85089393722
57218510965,23134364000,85089393722
57200607092,57199156265,85089393722
57200607092,57218511809,85089393722
57200607092,57218516858,85089393722
57200607092,7003371102,85089393722
57200607092,23134364000,85089393722
57199156265,57218511809,85089393722
57199156265,57218516858,85089393722
57199156265,7003371102,85089393722
57199156265,23134364000,85089393722
57218511809,57218516858,85089393722
57218511809,7003371102,85089393722
57218511809,23134364000,85089393722
57218516858,7003371102,85089393722
57218516858,23134364000,85089393722
7003371102,23134364000,85089393722
57217827052,7202848155,85087656011
57217827052,7202571211,85087656011
57217827052,57209302767,85087656011
57217827052,55580762000,85087656011
7202848155,7202571211,85087656011
7202848155,57209302767,85087656011
7202848155,55580762000,85087656011
7202571211,57209302767,85087656011
7202571211,55580762000,85087656011
57209302767,55580762000,85087656011
7006063795,57215809190,85081291466
7006063795,7003371102,85081291466
7006063795,57215597869,85081291466
7006063795,57215602795,85081291466
7006063795,57216142913,85081291466
7006063795,7202571211,85081291466
7006063795,23134364000,85081291466
57215809190,7003371102,85081291466
57215809190,57215597869,85081291466
57215809190,57215602795,85081291466
57215809190,57216142913,85081291466
57215809190,7202571211,85081291466
57215809190,23134364000,85081291466
7003371102,57215597869,85081291466
7003371102,57215602795,85081291466
7003371102,57216142913,85081291466
7003371102,7202571211,85081291466
7003371102,23134364000,85081291466
57215597869,57215602795,85081291466
57215597869,57216142913,85081291466
57215597869,7202571211,85081291466
57215597869,23134364000,85081291466
57215602795,57216142913,85081291466
57215602795,7202571211,85081291466
57215602795,23134364000,85081291466
57216142913,7202571211,85081291466
57216142913,23134364000,85081291466
7202571211,23134364000,85081291466
57213166262,7202848155,85077534667
57213166262,7202571211,85077534667
57213166262,57209302767,85077534667
57213166262,57213154189,85077534667
57213166262,6602530806,85077534667
57213166262,55580762000,85077534667
7202848155,7202571211,85077534667
7202848155,57209302767,85077534667
7202848155,57213154189,85077534667
7202848155,6602530806,85077534667
7202848155,55580762000,85077534667
7202571211,57209302767,85077534667
7202571211,57213154189,85077534667
7202571211,6602530806,85077534667
7202571211,55580762000,85077534667
57209302767,57213154189,85077534667
57209302767,6602530806,85077534667
57209302767,55580762000,85077534667
57213154189,6602530806,85077534667
57213154189,55580762000,85077534667
6602530806,55580762000,85077534667
56602205000,57191976547,85076303974
56602205000,6507540090,85076303974
56602205000,7202571211,85076303974
56602205000,6603780412,85076303974
56602205000,55567234100,85076303974
56602205000,57195772327,85076303974
56602205000,35345834200,85076303974
57191976547,6507540090,85076303974
57191976547,7202571211,85076303974
57191976547,6603780412,85076303974
57191976547,55567234100,85076303974
57191976547,57195772327,85076303974
57191976547,35345834200,85076303974
6507540090,7202571211,85076303974
6507540090,6603780412,85076303974
6507540090,55567234100,85076303974
6507540090,57195772327,85076303974
6507540090,35345834200,85076303974
7202571211,6603780412,85076303974
7202571211,55567234100,85076303974
7202571211,57195772327,85076303974
7202571211,35345834200,85076303974
6603780412,55567234100,85076303974
6603780412,57195772327,85076303974
6603780412,35345834200,85076303974
55567234100,57195772327,85076303974
55567234100,35345834200,85076303974
57195772327,35345834200,85076303974
56602205000,55567234100,85064269143
56602205000,6507540090,85064269143
56602205000,7202571211,85064269143
56602205000,6603780412,85064269143
56602205000,35345834200,85064269143
55567234100,6507540090,85064269143
55567234100,7202571211,85064269143
55567234100,6603780412,85064269143
55567234100,35345834200,85064269143
6507540090,7202571211,85064269143
6507540090,6603780412,85064269143
6507540090,35345834200,85064269143
7202571211,6603780412,85064269143
7202571211,35345834200,85064269143
6603780412,35345834200,85064269143
57197806611,54784002000,85061274528
57197806611,57194004428,85061274528
57197806611,57194475792,85061274528
57197806611,55753874400,85061274528
57197806611,7203089029,85061274528
57197806611,7202571211,85061274528
54784002000,57194004428,85061274528
54784002000,57194475792,85061274528
54784002000,55753874400,85061274528
54784002000,7203089029,85061274528
54784002000,7202571211,85061274528
57194004428,57194475792,85061274528
57194004428,55753874400,85061274528
57194004428,7203089029,85061274528
57194004428,7202571211,85061274528
57194475792,55753874400,85061274528
57194475792,7203089029,85061274528
57194475792,7202571211,85061274528
55753874400,7203089029,85061274528
55753874400,7202571211,85061274528
7203089029,7202571211,85061274528
7202848155,57674534200,85145623010
7202848155,7202571211,85145623010
7202848155,57213154189,85145623010
7202848155,57784237300,85145623010
7202848155,55580762000,85145623010
57674534200,7202571211,85145623010
57674534200,57213154189,85145623010
57674534200,57784237300,85145623010
57674534200,55580762000,85145623010
7202571211,57213154189,85145623010
7202571211,57784237300,85145623010
7202571211,55580762000,85145623010
57213154189,57784237300,85145623010
57213154189,55580762000,85145623010
57784237300,55580762000,85145623010
57204416166,7202571211,85055522796
57204416166,6506912366,85055522796
7202571211,6506912366,85055522796
50562044200,57203723204,85052745704
50562044200,57206274161,85052745704
50562044200,7006237975,85052745704
50562044200,55580762000,85052745704
50562044200,56605978000,85052745704
50562044200,57194286886,85052745704
50562044200,57204616391,85052745704
50562044200,7202571211,85052745704
50562044200,7202848155,85052745704
57203723204,57206274161,85052745704
57203723204,7006237975,85052745704
57203723204,55580762000,85052745704
57203723204,56605978000,85052745704
57203723204,57194286886,85052745704
57203723204,57204616391,85052745704
57203723204,7202571211,85052745704
57203723204,7202848155,85052745704
57206274161,7006237975,85052745704
57206274161,55580762000,85052745704
57206274161,56605978000,85052745704
57206274161,57194286886,85052745704
57206274161,57204616391,85052745704
57206274161,7202571211,85052745704
57206274161,7202848155,85052745704
7006237975,55580762000,85052745704
7006237975,56605978000,85052745704
7006237975,57194286886,85052745704
7006237975,57204616391,85052745704
7006237975,7202571211,85052745704
7006237975,7202848155,85052745704
55580762000,56605978000,85052745704
55580762000,57194286886,85052745704
55580762000,57204616391,85052745704
55580762000,7202571211,85052745704
55580762000,7202848155,85052745704
56605978000,57194286886,85052745704
56605978000,57204616391,85052745704
56605978000,7202571211,85052745704
56605978000,7202848155,85052745704
57194286886,57204616391,85052745704
57194286886,7202571211,85052745704
57194286886,7202848155,85052745704
57204616391,7202571211,85052745704
57204616391,7202848155,85052745704
7202571211,7202848155,85052745704
57197806611,54784002000,85034985806
57197806611,57194004428,85034985806
57197806611,7202571211,85034985806
54784002000,57194004428,85034985806
54784002000,7202571211,85034985806
57194004428,7202571211,85034985806
7202571211,15041572100,85037616513
7202571211,36197925400,85037616513
7202571211,55769793500,85037616513
7202571211,57191231116,85037616513
7202571211,57199156265,85037616513
7202571211,57199166571,85037616513
7202571211,6506069501,85037616513
15041572100,36197925400,85037616513
15041572100,55769793500,85037616513
15041572100,57191231116,85037616513
15041572100,57199156265,85037616513
15041572100,57199166571,85037616513
15041572100,6506069501,85037616513
36197925400,55769793500,85037616513
36197925400,57191231116,85037616513
36197925400,57199156265,85037616513
36197925400,57199166571,85037616513
36197925400,6506069501,85037616513
55769793500,57191231116,85037616513
55769793500,57199156265,85037616513
55769793500,57199166571,85037616513
55769793500,6506069501,85037616513
57191231116,57199156265,85037616513
57191231116,57199166571,85037616513
57191231116,6506069501,85037616513
57199156265,57199166571,85037616513
57199156265,6506069501,85037616513
57199166571,6506069501,85037616513
7202571211,6602625204,85028468163
7202571211,57195491561,85028468163
7202571211,35792064100,85028468163
7202571211,57195494506,85028468163
7202571211,57195493407,85028468163
7202571211,6506912366,85028468163
7202571211,6506069501,85028468163
6602625204,57195491561,85028468163
6602625204,35792064100,85028468163
6602625204,57195494506,85028468163
6602625204,57195493407,85028468163
6602625204,6506912366,85028468163
6602625204,6506069501,85028468163
57195491561,35792064100,85028468163
57195491561,57195494506,85028468163
57195491561,57195493407,85028468163
57195491561,6506912366,85028468163
57195491561,6506069501,85028468163
35792064100,57195494506,85028468163
35792064100,57195493407,85028468163
35792064100,6506912366,85028468163
35792064100,6506069501,85028468163
57195494506,57195493407,85028468163
57195494506,6506912366,85028468163
57195494506,6506069501,85028468163
57195493407,6506912366,85028468163
57195493407,6506069501,85028468163
6506912366,6506069501,85028468163
7004158433,57070318400,85053724272
7004158433,57070439500,85053724272
7004158433,23028921600,85053724272
7004158433,56230013900,85053724272
7004158433,7202571211,85053724272
57070318400,57070439500,85053724272
57070318400,23028921600,85053724272
57070318400,56230013900,85053724272
57070318400,7202571211,85053724272
57070439500,23028921600,85053724272
57070439500,56230013900,85053724272
57070439500,7202571211,85053724272
23028921600,56230013900,85053724272
23028921600,7202571211,85053724272
56230013900,7202571211,85053724272
54784002000,57194004428,85018325864
54784002000,7202571211,85018325864
57194004428,7202571211,85018325864
54784002000,56602205000,85017457541
54784002000,57193393606,85017457541
54784002000,6506069501,85017457541
54784002000,7202571211,85017457541
56602205000,57193393606,85017457541
56602205000,6506069501,85017457541
56602205000,7202571211,85017457541
57193393606,6506069501,85017457541
57193393606,7202571211,85017457541
6506069501,7202571211,85017457541
56414510900,7202571211,84990924595
55986974300,6603726623,85005992550
55986974300,23990674700,85005992550
55986974300,6603565065,85005992550
55986974300,7202571211,85005992550
6603726623,23990674700,85005992550
6603726623,6603565065,85005992550
6603726623,7202571211,85005992550
23990674700,6603565065,85005992550
23990674700,7202571211,85005992550
6603565065,7202571211,85005992550
57193535296,7202085946,85014646471
57193535296,57193528478,85014646471
57193535296,7202571211,85014646471
7202085946,57193528478,85014646471
7202085946,7202571211,85014646471
57193528478,7202571211,85014646471
55840655600,56997678500,84981727572
55840655600,54897956000,84981727572
55840655600,7005257938,84981727572
55840655600,7202571211,84981727572
55840655600,7103154543,84981727572
56997678500,54897956000,84981727572
56997678500,7005257938,84981727572
56997678500,7202571211,84981727572
56997678500,7103154543,84981727572
54897956000,7005257938,84981727572
54897956000,7202571211,84981727572
54897956000,7103154543,84981727572
7005257938,7202571211,84981727572
7005257938,7103154543,84981727572
7202571211,7103154543,84981727572
56414510900,7202571211,84978050005
7004158433,57070318400,84955122404
7004158433,57070439500,84955122404
7004158433,23028921600,84955122404
7004158433,56230013900,84955122404
7004158433,7202571211,84955122404
57070318400,57070439500,84955122404
57070318400,23028921600,84955122404
57070318400,56230013900,84955122404
57070318400,7202571211,84955122404
57070439500,23028921600,84955122404
57070439500,56230013900,84955122404
57070439500,7202571211,84955122404
23028921600,56230013900,84955122404
23028921600,7202571211,84955122404
56230013900,7202571211,84955122404
56913309400,55508907800,85013443453
56913309400,7202571211,85013443453
56913309400,57193393606,85013443453
56913309400,57221529406,85013443453
56913309400,56912915600,85013443453
56913309400,55664240100,85013443453
55508907800,7202571211,85013443453
55508907800,57193393606,85013443453
55508907800,57221529406,85013443453
55508907800,56912915600,85013443453
55508907800,55664240100,85013443453
7202571211,57193393606,85013443453
7202571211,57221529406,85013443453
7202571211,56912915600,85013443453
7202571211,55664240100,85013443453
57193393606,57221529406,85013443453
57193393606,56912915600,85013443453
57193393606,55664240100,85013443453
57221529406,56912915600,85013443453
57221529406,55664240100,85013443453
56912915600,55664240100,85013443453
37103599800,57193387340,85013442831
37103599800,57193391428,85013442831
37103599800,58462269100,85013442831
37103599800,7202571211,85013442831
37103599800,7005714951,85013442831
57193387340,57193391428,85013442831
57193387340,58462269100,85013442831
57193387340,7202571211,85013442831
57193387340,7005714951,85013442831
57193391428,58462269100,85013442831
57193391428,7202571211,85013442831
57193391428,7005714951,85013442831
58462269100,7202571211,85013442831
58462269100,7005714951,85013442831
7202571211,7005714951,85013442831
56274284800,57189506591,84971577824
56274284800,57206149850,84971577824
56274284800,57189505785,84971577824
56274284800,6504447278,84971577824
56274284800,7202571211,84971577824
57189506591,57206149850,84971577824
57189506591,57189505785,84971577824
57189506591,6504447278,84971577824
57189506591,7202571211,84971577824
57206149850,57189505785,84971577824
57206149850,6504447278,84971577824
57206149850,7202571211,84971577824
57189505785,6504447278,84971577824
57189505785,7202571211,84971577824
6504447278,7202571211,84971577824
54893702000,7202571211,84944352110
54893702000,6506912366,84944352110
54893702000,7005727143,84944352110
54893702000,8605088900,84944352110
54893702000,55557875600,84944352110
54893702000,56667626900,84944352110
54893702000,36892863400,84944352110
54893702000,57191231116,84944352110
7202571211,6506912366,84944352110
7202571211,7005727143,84944352110
7202571211,8605088900,84944352110
7202571211,55557875600,84944352110
7202571211,56667626900,84944352110
7202571211,36892863400,84944352110
7202571211,57191231116,84944352110
6506912366,7005727143,84944352110
6506912366,8605088900,84944352110
6506912366,55557875600,84944352110
6506912366,56667626900,84944352110
6506912366,36892863400,84944352110
6506912366,57191231116,84944352110
7005727143,8605088900,84944352110
7005727143,55557875600,84944352110
7005727143,56667626900,84944352110
7005727143,36892863400,84944352110
7005727143,57191231116,84944352110
8605088900,55557875600,84944352110
8605088900,56667626900,84944352110
8605088900,36892863400,84944352110
8605088900,57191231116,84944352110
55557875600,56667626900,84944352110
55557875600,36892863400,84944352110
55557875600,57191231116,84944352110
56667626900,36892863400,84944352110
56667626900,57191231116,84944352110
36892863400,57191231116,84944352110
56913309400,55508907800,84944716501
56913309400,57221529406,84944716501
56913309400,7202571211,84944716501
56913309400,6508005742,84944716501
56913309400,56912915600,84944716501
56913309400,55664240100,84944716501
55508907800,57221529406,84944716501
55508907800,7202571211,84944716501
55508907800,6508005742,84944716501
55508907800,56912915600,84944716501
55508907800,55664240100,84944716501
57221529406,7202571211,84944716501
57221529406,6508005742,84944716501
57221529406,56912915600,84944716501
57221529406,55664240100,84944716501
7202571211,6508005742,84944716501
7202571211,56912915600,84944716501
7202571211,55664240100,84944716501
6508005742,56912915600,84944716501
6508005742,55664240100,84944716501
56912915600,55664240100,84944716501
36844720400,57204299205,85082361445
36844720400,7202571211,85082361445
57204299205,7202571211,85082361445
54893702000,8605088900,85050061727
54893702000,7005727143,85050061727
54893702000,7202571211,85050061727
8605088900,7005727143,85050061727
8605088900,7202571211,85050061727
7005727143,7202571211,85050061727
55054647200,7005727143,84923100524
55054647200,7202571211,84923100524
55054647200,7202163422,84923100524
55054647200,8605088900,84923100524
55054647200,36170234300,84923100524
7005727143,7202571211,84923100524
7005727143,7202163422,84923100524
7005727143,8605088900,84923100524
7005727143,36170234300,84923100524
7202571211,7202163422,84923100524
7202571211,8605088900,84923100524
7202571211,36170234300,84923100524
7202163422,8605088900,84923100524
7202163422,36170234300,84923100524
8605088900,36170234300,84923100524
56957562600,57204251330,84926171804
56957562600,6602165137,84926171804
56957562600,7202571211,84926171804
56957562600,7003581279,84926171804
57204251330,6602165137,84926171804
57204251330,7202571211,84926171804
57204251330,7003581279,84926171804
6602165137,7202571211,84926171804
6602165137,7003581279,84926171804
7202571211,7003581279,84926171804
55986974300,55988579900,84907525589
55986974300,55987922000,84907525589
55986974300,7202571211,84907525589
55988579900,55987922000,84907525589
55988579900,7202571211,84907525589
55987922000,7202571211,84907525589
7004158433,24921440900,84891822660
7004158433,56964138700,84891822660
7004158433,7202571211,84891822660
7004158433,23028921600,84891822660
24921440900,56964138700,84891822660
24921440900,7202571211,84891822660
24921440900,23028921600,84891822660
56964138700,7202571211,84891822660
56964138700,23028921600,84891822660
7202571211,23028921600,84891822660
6507411174,56677548200,84930801379
6507411174,36987075800,84930801379
6507411174,57191231116,84930801379
6507411174,6603766692,84930801379
6507411174,7202571211,84930801379
56677548200,36987075800,84930801379
56677548200,57191231116,84930801379
56677548200,6603766692,84930801379
56677548200,7202571211,84930801379
36987075800,57191231116,84930801379
36987075800,6603766692,84930801379
36987075800,7202571211,84930801379
57191231116,6603766692,84930801379
57191231116,7202571211,84930801379
6603766692,7202571211,84930801379
15749771200,7202571211,84930391533
15749771200,57202665422,84930391533
15749771200,6507411174,84930391533
15749771200,6603766692,84930391533
7202571211,57202665422,84930391533
7202571211,6507411174,84930391533
7202571211,6603766692,84930391533
57202665422,6507411174,84930391533
57202665422,6603766692,84930391533
6507411174,6603766692,84930391533
8605088900,54893702000,84900031315
8605088900,36156070300,84900031315
8605088900,7005727143,84900031315
8605088900,7202571211,84900031315
54893702000,36156070300,84900031315
54893702000,7005727143,84900031315
54893702000,7202571211,84900031315
36156070300,7005727143,84900031315
36156070300,7202571211,84900031315
7005727143,7202571211,84900031315
55951419400,6701709320,84889245960
55951419400,7202571211,84889245960
6701709320,7202571211,84889245960
57196756986,6603766692,84873310218
57196756986,55508907800,84873310218
57196756986,57221529406,84873310218
57196756986,7202571211,84873310218
57196756986,7801393982,84873310218
57196756986,55880919000,84873310218
57196756986,6701836753,84873310218
6603766692,55508907800,84873310218
6603766692,57221529406,84873310218
6603766692,7202571211,84873310218
6603766692,7801393982,84873310218
6603766692,55880919000,84873310218
6603766692,6701836753,84873310218
55508907800,57221529406,84873310218
55508907800,7202571211,84873310218
55508907800,7801393982,84873310218
55508907800,55880919000,84873310218
55508907800,6701836753,84873310218
57221529406,7202571211,84873310218
57221529406,7801393982,84873310218
57221529406,55880919000,84873310218
57221529406,6701836753,84873310218
7202571211,7801393982,84873310218
7202571211,55880919000,84873310218
7202571211,6701836753,84873310218
7801393982,55880919000,84873310218
7801393982,6701836753,84873310218
55880919000,6701836753,84873310218
7005727143,7202571211,84882259221
7005727143,55054647200,84882259221
7005727143,8605088900,84882259221
7005727143,36170234300,84882259221
7202571211,55054647200,84882259221
7202571211,8605088900,84882259221
7202571211,36170234300,84882259221
55054647200,8605088900,84882259221
55054647200,36170234300,84882259221
8605088900,36170234300,84882259221
6602625204,7202571211,84874537949
6508005742,7202571211,84871717807
6508005742,52164818800,84871717807
6508005742,55508907800,84871717807
6508005742,35792064100,84871717807
6508005742,7801393982,84871717807
6508005742,6603414194,84871717807
6508005742,57070063300,84871717807
6508005742,57221529406,84871717807
7202571211,52164818800,84871717807
7202571211,55508907800,84871717807
7202571211,35792064100,84871717807
7202571211,7801393982,84871717807
7202571211,6603414194,84871717807
7202571211,57070063300,84871717807
7202571211,57221529406,84871717807
52164818800,55508907800,84871717807
52164818800,35792064100,84871717807
52164818800,7801393982,84871717807
52164818800,6603414194,84871717807
52164818800,57070063300,84871717807
52164818800,57221529406,84871717807
55508907800,35792064100,84871717807
55508907800,7801393982,84871717807
55508907800,6603414194,84871717807
55508907800,57070063300,84871717807
55508907800,57221529406,84871717807
35792064100,7801393982,84871717807
35792064100,6603414194,84871717807
35792064100,57070063300,84871717807
35792064100,57221529406,84871717807
7801393982,6603414194,84871717807
7801393982,57070063300,84871717807
7801393982,57221529406,84871717807
6603414194,57070063300,84871717807
6603414194,57221529406,84871717807
57070063300,57221529406,84871717807
55054647200,7005727143,84879247742
55054647200,7202571211,84879247742
55054647200,7202163422,84879247742
55054647200,8605088900,84879247742
55054647200,36170234300,84879247742
7005727143,7202571211,84879247742
7005727143,7202163422,84879247742
7005727143,8605088900,84879247742
7005727143,36170234300,84879247742
7202571211,7202163422,84879247742
7202571211,8605088900,84879247742
7202571211,36170234300,84879247742
7202163422,8605088900,84879247742
7202163422,36170234300,84879247742
8605088900,36170234300,84879247742
54893702000,7005727143,84872326983
54893702000,8605088900,84872326983
54893702000,7202571211,84872326983
54893702000,36170234300,84872326983
7005727143,8605088900,84872326983
7005727143,7202571211,84872326983
7005727143,36170234300,84872326983
8605088900,7202571211,84872326983
8605088900,36170234300,84872326983
7202571211,36170234300,84872326983
57213978693,7202571211,84870430337
57213978693,23028921600,84870430337
57213978693,7004158433,84870430337
7202571211,23028921600,84870430337
7202571211,7004158433,84870430337
23028921600,7004158433,84870430337
36844720400,57204299205,84892397779
36844720400,7202571211,84892397779
57204299205,7202571211,84892397779
6505923009,56001412900,84892382526
6505923009,56001928900,84892382526
6505923009,6507992368,84892382526
6505923009,57217432110,84892382526
6505923009,7202571211,84892382526
56001412900,56001928900,84892382526
56001412900,6507992368,84892382526
56001412900,57217432110,84892382526
56001412900,7202571211,84892382526
56001928900,6507992368,84892382526
56001928900,57217432110,84892382526
56001928900,7202571211,84892382526
6507992368,57217432110,84892382526
6507992368,7202571211,84892382526
57217432110,7202571211,84892382526
26421296500,33067875900,84877974641
26421296500,7202571211,84877974641
26421296500,6506500463,84877974641
33067875900,7202571211,84877974641
33067875900,6506500463,84877974641
7202571211,6506500463,84877974641
7005727143,55605276900,84874225778
7005727143,7202571211,84874225778
55605276900,7202571211,84874225778
7202571211,55602723900,84874126389
6701337178,6507992368,84872925417
6701337178,7202571211,84872925417
6701337178,36633087600,84872925417
6507992368,7202571211,84872925417
6507992368,36633087600,84872925417
7202571211,36633087600,84872925417
7005727143,7202571211,84872417754
7005727143,55557912400,84872417754
7202571211,55557912400,84872417754
54893702000,8605088900,84872407739
54893702000,7005727143,84872407739
54893702000,55557875600,84872407739
54893702000,7202571211,84872407739
8605088900,7005727143,84872407739
8605088900,55557875600,84872407739
8605088900,7202571211,84872407739
7005727143,55557875600,84872407739
7005727143,7202571211,84872407739
55557875600,7202571211,84872407739
7202571211,7005727143,84872368229
7202571211,55054647200,84872368229
7005727143,55054647200,84872368229
7006573700,7203089029,84865685467
7006573700,7202571211,84865685467
7203089029,7202571211,84865685467
6701914423,23490422200,84863919546
6701914423,7202571211,84863919546
6701914423,16551632600,84863919546
6701914423,57197027354,84863919546
6701914423,23569007000,84863919546
6701914423,36836493700,84863919546
6701914423,57203881873,84863919546
23490422200,7202571211,84863919546
23490422200,16551632600,84863919546
23490422200,57197027354,84863919546
23490422200,23569007000,84863919546
23490422200,36836493700,84863919546
23490422200,57203881873,84863919546
7202571211,16551632600,84863919546
7202571211,57197027354,84863919546
7202571211,23569007000,84863919546
7202571211,36836493700,84863919546
7202571211,57203881873,84863919546
16551632600,57197027354,84863919546
16551632600,23569007000,84863919546
16551632600,36836493700,84863919546
16551632600,57203881873,84863919546
57197027354,23569007000,84863919546
57197027354,36836493700,84863919546
57197027354,57203881873,84863919546
23569007000,36836493700,84863919546
23569007000,57203881873,84863919546
36836493700,57203881873,84863919546
7101787731,7202571211,84858146936
7101787731,57191231116,84858146936
7202571211,57191231116,84858146936
7202571211,7005727143,84855778766
7202571211,54893702000,84855778766
7202571211,36156070300,84855778766
7202571211,58462269100,84855778766
7202571211,57221529406,84855778766
7005727143,54893702000,84855778766
7005727143,36156070300,84855778766
7005727143,58462269100,84855778766
7005727143,57221529406,84855778766
54893702000,36156070300,84855778766
54893702000,58462269100,84855778766
54893702000,57221529406,84855778766
36156070300,58462269100,84855778766
36156070300,57221529406,84855778766
58462269100,57221529406,84855778766
6701914423,23490422200,84902256942
6701914423,7202571211,84902256942
6701914423,16551632600,84902256942
6701914423,57197027354,84902256942
6701914423,23569007000,84902256942
6701914423,36836493700,84902256942
6701914423,57203881873,84902256942
23490422200,7202571211,84902256942
23490422200,16551632600,84902256942
23490422200,57197027354,84902256942
23490422200,23569007000,84902256942
23490422200,36836493700,84902256942
23490422200,57203881873,84902256942
7202571211,16551632600,84902256942
7202571211,57197027354,84902256942
7202571211,23569007000,84902256942
7202571211,36836493700,84902256942
7202571211,57203881873,84902256942
16551632600,57197027354,84902256942
16551632600,23569007000,84902256942
16551632600,36836493700,84902256942
16551632600,57203881873,84902256942
57197027354,23569007000,84902256942
57197027354,36836493700,84902256942
57197027354,57203881873,84902256942
23569007000,36836493700,84902256942
23569007000,57203881873,84902256942
36836493700,57203881873,84902256942
56228003300,56949850200,84861141776
56228003300,6603874984,84861141776
56228003300,57199092975,84861141776
56228003300,7202571211,84861141776
56228003300,6506912366,84861141776
56949850200,6603874984,84861141776
56949850200,57199092975,84861141776
56949850200,7202571211,84861141776
56949850200,6506912366,84861141776
6603874984,57199092975,84861141776
6603874984,7202571211,84861141776
6603874984,6506912366,84861141776
57199092975,7202571211,84861141776
57199092975,6506912366,84861141776
7202571211,6506912366,84861141776
57213978693,7202571211,84861120374
57213978693,23028921600,84861120374
57213978693,7004158433,84861120374
7202571211,23028921600,84861120374
7202571211,7004158433,84861120374
23028921600,7004158433,84861120374
23490422200,16551632600,84861119677
23490422200,57197027354,84861119677
23490422200,23569007000,84861119677
23490422200,36836493700,84861119677
23490422200,57203881873,84861119677
23490422200,7202571211,84861119677
23490422200,6701914423,84861119677
16551632600,57197027354,84861119677
16551632600,23569007000,84861119677
16551632600,36836493700,84861119677
16551632600,57203881873,84861119677
16551632600,7202571211,84861119677
16551632600,6701914423,84861119677
57197027354,23569007000,84861119677
57197027354,36836493700,84861119677
57197027354,57203881873,84861119677
57197027354,7202571211,84861119677
57197027354,6701914423,84861119677
23569007000,36836493700,84861119677
23569007000,57203881873,84861119677
23569007000,7202571211,84861119677
23569007000,6701914423,84861119677
36836493700,57203881873,84861119677
36836493700,7202571211,84861119677
36836493700,6701914423,84861119677
57203881873,7202571211,84861119677
57203881873,6701914423,84861119677
7202571211,6701914423,84861119677
6508005742,7202571211,80052825450
6508005742,7101787731,80052825450
6508005742,52164818800,80052825450
6508005742,24170295400,80052825450
6508005742,7801393982,80052825450
7202571211,7101787731,80052825450
7202571211,52164818800,80052825450
7202571211,24170295400,80052825450
7202571211,7801393982,80052825450
7101787731,52164818800,80052825450
7101787731,24170295400,80052825450
7101787731,7801393982,80052825450
52164818800,24170295400,80052825450
52164818800,7801393982,80052825450
24170295400,7801393982,80052825450
58462269100,7202571211,79959622720
58462269100,41661345300,79959622720
7202571211,41661345300,79959622720
7005727143,7005432990,79751536771
7005727143,9638349500,79751536771
7005727143,8605088900,79751536771
7005727143,7202571211,79751536771
7005432990,9638349500,79751536771
7005432990,8605088900,79751536771
7005432990,7202571211,79751536771
9638349500,8605088900,79751536771
9638349500,7202571211,79751536771
8605088900,7202571211,79751536771
7202571211,57208748982,78449305881
7202571211,6602625204,78449305881
7202571211,7005257938,78449305881
7202571211,6701709320,78449305881
57208748982,6602625204,78449305881
57208748982,7005257938,78449305881
57208748982,6701709320,78449305881
6602625204,7005257938,78449305881
6602625204,6701709320,78449305881
7005257938,6701709320,78449305881
36453557000,7003532326,77955658954
36453557000,7004750020,77955658954
36453557000,6701725766,77955658954
36453557000,57206132714,77955658954
36453557000,58462269100,77955658954
36453557000,7202571211,77955658954
7003532326,7004750020,77955658954
7003532326,6701725766,77955658954
7003532326,57206132714,77955658954
7003532326,58462269100,77955658954
7003532326,7202571211,77955658954
7004750020,6701725766,77955658954
7004750020,57206132714,77955658954
7004750020,58462269100,77955658954
7004750020,7202571211,77955658954
6701725766,57206132714,77955658954
6701725766,58462269100,77955658954
6701725766,7202571211,77955658954
57206132714,58462269100,77955658954
57206132714,7202571211,77955658954
58462269100,7202571211,77955658954
7005727143,7202571211,77954590375
7005727143,8605088900,77954590375
7005727143,36170234300,77954590375
7202571211,8605088900,77954590375
7202571211,36170234300,77954590375
8605088900,36170234300,77954590375
36156070300,8605088900,77954235089
36156070300,7005727143,77954235089
36156070300,36156062300,77954235089
36156070300,6602595337,77954235089
36156070300,7202571211,77954235089
8605088900,7005727143,77954235089
8605088900,36156062300,77954235089
8605088900,6602595337,77954235089
8605088900,7202571211,77954235089
7005727143,36156062300,77954235089
7005727143,6602595337,77954235089
7005727143,7202571211,77954235089
36156062300,6602595337,77954235089
36156062300,7202571211,77954235089
6602595337,7202571211,77954235089
6507399762,57199822130,77954171112
6507399762,7202571211,77954171112
6507399762,35791790100,77954171112
6507399762,35792064100,77954171112
6507399762,7005301241,77954171112
57199822130,7202571211,77954171112
57199822130,35791790100,77954171112
57199822130,35792064100,77954171112
57199822130,7005301241,77954171112
7202571211,35791790100,77954171112
7202571211,35792064100,77954171112
7202571211,7005301241,77954171112
35791790100,35792064100,77954171112
35791790100,7005301241,77954171112
35792064100,7005301241,77954171112
23490237300,6603164478,77951091850
23490237300,7202571211,77951091850
23490237300,57221529406,77951091850
6603164478,7202571211,77951091850
6603164478,57221529406,77951091850
7202571211,57221529406,77951091850
7005727143,57198280499,77950312374
7005727143,7202571211,77950312374
57198280499,7202571211,77950312374
56261451500,53881895100,79960066877
56261451500,7202571211,79960066877
56261451500,6507094780,79960066877
53881895100,7202571211,79960066877
53881895100,6507094780,79960066877
7202571211,6507094780,79960066877
7005727143,7202571211,78650610139
7005727143,57198280499,78650610139
7202571211,57198280499,78650610139
7005727143,7005432990,77951183869
7005727143,9638349500,77951183869
7005727143,58253117700,77951183869
7005727143,8605088900,77951183869
7005727143,7202571211,77951183869
7005432990,9638349500,77951183869
7005432990,58253117700,77951183869
7005432990,8605088900,77951183869
7005432990,7202571211,77951183869
9638349500,58253117700,77951183869
9638349500,8605088900,77951183869
9638349500,7202571211,77951183869
58253117700,8605088900,77951183869
58253117700,7202571211,77951183869
8605088900,7202571211,77951183869
7005727143,9638349500,72949096533
7005727143,7005432990,72949096533
7005727143,8605088900,72949096533
7005727143,7202571211,72949096533
9638349500,7005432990,72949096533
9638349500,8605088900,72949096533
9638349500,7202571211,72949096533
7005432990,8605088900,72949096533
7005432990,7202571211,72949096533
8605088900,7202571211,72949096533
6701709320,7202571211,70749088212
6701709320,57208748982,70749088212
6701709320,6602625204,70749088212
6701709320,7005257938,70749088212
7202571211,57208748982,70749088212
7202571211,6602625204,70749088212
7202571211,7005257938,70749088212
57208748982,6602625204,70749088212
57208748982,7005257938,70749088212
6602625204,7005257938,70749088212
35956829000,7203007527,77951517803
35956829000,7004725349,77951517803
35956829000,57221529406,77951517803
35956829000,7202571211,77951517803
35956829000,7102881960,77951517803
7203007527,7004725349,77951517803
7203007527,57221529406,77951517803
7203007527,7202571211,77951517803
7203007527,7102881960,77951517803
7004725349,57221529406,77951517803
7004725349,7202571211,77951517803
7004725349,7102881960,77951517803
57221529406,7202571211,77951517803
57221529406,7102881960,77951517803
7202571211,7102881960,77951517803
16068361700,7202571211,73949113432
16068361700,35299019000,73949113432
16068361700,7003584026,73949113432
16068361700,7801481529,73949113432
16068361700,6506912366,73949113432
7202571211,35299019000,73949113432
7202571211,7003584026,73949113432
7202571211,7801481529,73949113432
7202571211,6506912366,73949113432
35299019000,7003584026,73949113432
35299019000,7801481529,73949113432
35299019000,6506912366,73949113432
7003584026,7801481529,73949113432
7003584026,6506912366,73949113432
7801481529,6506912366,73949113432
23028921600,35115524000,73849149528
23028921600,6507094780,73849149528
23028921600,7202571211,73849149528
23028921600,7004158433,73849149528
35115524000,6507094780,73849149528
35115524000,7202571211,73849149528
35115524000,7004158433,73849149528
6507094780,7202571211,73849149528
6507094780,7004158433,73849149528
7202571211,7004158433,73849149528
56261451500,53881895100,73849117957
56261451500,6602595337,73849117957
56261451500,7202571211,73849117957
53881895100,6602595337,73849117957
53881895100,7202571211,73849117957
6602595337,7202571211,73849117957
57198280499,7202571211,73149110402
57198280499,7005727143,73149110402
7202571211,7005727143,73149110402
7201384147,6701506628,70549094401
7201384147,7202571211,70549094401
7201384147,6603236294,70549094401
7201384147,7201698315,70549094401
6701506628,7202571211,70549094401
6701506628,6603236294,70549094401
6701506628,7201698315,70549094401
7202571211,6603236294,70549094401
7202571211,7201698315,70549094401
6603236294,7201698315,70549094401
57197283294,6701709320,69349085761
57197283294,7202571211,69349085761
6701709320,7202571211,69349085761
7202571211,6602625204,69249235775
7202571211,6508075069,69249235775
7202571211,57197283294,69249235775
7202571211,7005257938,69249235775
6602625204,6508075069,69249235775
6602625204,57197283294,69249235775
6602625204,7005257938,69249235775
6508075069,57197283294,69249235775
6508075069,7005257938,69249235775
57197283294,7005257938,69249235775
7202571211,35792064100,61849123191
7202571211,36939127500,61849123191
7202571211,55570740700,61849123191
35792064100,36939127500,61849123191
35792064100,55570740700,61849123191
36939127500,55570740700,61849123191
7005432990,7005727143,85076870788
7005432990,49963040700,85076870788
7005432990,9638349500,85076870788
7005432990,8605088900,85076870788
7005432990,7202571211,85076870788
7005727143,49963040700,85076870788
7005727143,9638349500,85076870788
7005727143,8605088900,85076870788
7005727143,7202571211,85076870788
49963040700,9638349500,85076870788
49963040700,8605088900,85076870788
49963040700,7202571211,85076870788
9638349500,8605088900,85076870788
9638349500,7202571211,85076870788
8605088900,7202571211,85076870788
7005727143,9638349500,57849167007
7005727143,25228306200,57849167007
7005727143,7005432990,57849167007
7005727143,8605088900,57849167007
7005727143,7202571211,57849167007
7005727143,57211666289,57849167007
9638349500,25228306200,57849167007
9638349500,7005432990,57849167007
9638349500,8605088900,57849167007
9638349500,7202571211,57849167007
9638349500,57211666289,57849167007
25228306200,7005432990,57849167007
25228306200,8605088900,57849167007
25228306200,7202571211,57849167007
25228306200,57211666289,57849167007
7005432990,8605088900,57849167007
7005432990,7202571211,57849167007
7005432990,57211666289,57849167007
8605088900,7202571211,57849167007
8605088900,57211666289,57849167007
7202571211,57211666289,57849167007
23480253100,14424062500,55649104743
23480253100,6506688399,55649104743
23480253100,7202571211,55649104743
23480253100,7006765958,55649104743
23480253100,35086607800,55649104743
14424062500,6506688399,55649104743
14424062500,7202571211,55649104743
14424062500,7006765958,55649104743
14424062500,35086607800,55649104743
6506688399,7202571211,55649104743
6506688399,7006765958,55649104743
6506688399,35086607800,55649104743
7202571211,7006765958,55649104743
7202571211,35086607800,55649104743
7006765958,35086607800,55649104743
57198280499,7202571211,52249090930
57198280499,7005727143,52249090930
7202571211,7005727143,52249090930
7101787731,7101787728,77955118948
7101787731,7202571211,77955118948
7101787728,7202571211,77955118948
6507992368,36345025100,77955117984
6507992368,7202571211,77955117984
6507992368,6506666066,77955117984
6507992368,36633087600,77955117984
6507992368,25723886000,77955117984
6507992368,12754117600,77955117984
6507992368,8523901400,77955117984
36345025100,7202571211,77955117984
36345025100,6506666066,77955117984
36345025100,36633087600,77955117984
36345025100,25723886000,77955117984
36345025100,12754117600,77955117984
36345025100,8523901400,77955117984
7202571211,6506666066,77955117984
7202571211,36633087600,77955117984
7202571211,25723886000,77955117984
7202571211,12754117600,77955117984
7202571211,8523901400,77955117984
6506666066,36633087600,77955117984
6506666066,25723886000,77955117984
6506666066,12754117600,77955117984
6506666066,8523901400,77955117984
36633087600,25723886000,77955117984
36633087600,12754117600,77955117984
36633087600,8523901400,77955117984
25723886000,12754117600,77955117984
25723886000,8523901400,77955117984
12754117600,8523901400,77955117984
57206479556,7003932972,43549083207
57206479556,6701723241,43549083207
57206479556,7202571211,43549083207
57206479556,7404494222,43549083207
57206479556,15847954700,43549083207
57206479556,7006552999,43549083207
57206479556,7003487819,43549083207
7003932972,6701723241,43549083207
7003932972,7202571211,43549083207
7003932972,7404494222,43549083207
7003932972,15847954700,43549083207
7003932972,7006552999,43549083207
7003932972,7003487819,43549083207
6701723241,7202571211,43549083207
6701723241,7404494222,43549083207
6701723241,15847954700,43549083207
6701723241,7006552999,43549083207
6701723241,7003487819,43549083207
7202571211,7404494222,43549083207
7202571211,15847954700,43549083207
7202571211,7006552999,43549083207
7202571211,7003487819,43549083207
7404494222,15847954700,43549083207
7404494222,7006552999,43549083207
7404494222,7003487819,43549083207
15847954700,7006552999,43549083207
15847954700,7003487819,43549083207
7006552999,7003487819,43549083207
26029291500,16067017200,38949166368
26029291500,16551632600,38949166368
26029291500,23490422200,38949166368
26029291500,23569007000,38949166368
26029291500,7202571211,38949166368
26029291500,57221529406,38949166368
26029291500,6701612947,38949166368
26029291500,6701914423,38949166368
16067017200,16551632600,38949166368
16067017200,23490422200,38949166368
16067017200,23569007000,38949166368
16067017200,7202571211,38949166368
16067017200,57221529406,38949166368
16067017200,6701612947,38949166368
16067017200,6701914423,38949166368
16551632600,23490422200,38949166368
16551632600,23569007000,38949166368
16551632600,7202571211,38949166368
16551632600,57221529406,38949166368
16551632600,6701612947,38949166368
16551632600,6701914423,38949166368
23490422200,23569007000,38949166368
23490422200,7202571211,38949166368
23490422200,57221529406,38949166368
23490422200,6701612947,38949166368
23490422200,6701914423,38949166368
23569007000,7202571211,38949166368
23569007000,57221529406,38949166368
23569007000,6701612947,38949166368
23569007000,6701914423,38949166368
7202571211,57221529406,38949166368
7202571211,6701612947,38949166368
7202571211,6701914423,38949166368
57221529406,6701612947,38949166368
57221529406,6701914423,38949166368
6701612947,6701914423,38949166368
35299019000,7003584026,84902192496
35299019000,6506912366,84902192496
35299019000,16068361700,84902192496
35299019000,7202571211,84902192496
7003584026,6506912366,84902192496
7003584026,16068361700,84902192496
7003584026,7202571211,84902192496
6506912366,16068361700,84902192496
6506912366,7202571211,84902192496
16068361700,7202571211,84902192496
57198280499,7005727143,55349119902
57198280499,7202571211,55349119902
7005727143,7202571211,55349119902
36192220000,7202571211,70549104209
7005727143,13605977700,34547197765
7005727143,8605088900,34547197765
7005727143,7202571211,34547197765
7005727143,13605380100,34547197765
7005727143,13606213900,34547197765
7005727143,57221529406,34547197765
13605977700,8605088900,34547197765
13605977700,7202571211,34547197765
13605977700,13605380100,34547197765
13605977700,13606213900,34547197765
13605977700,57221529406,34547197765
8605088900,7202571211,34547197765
8605088900,13605380100,34547197765
8605088900,13606213900,34547197765
8605088900,57221529406,34547197765
7202571211,13605380100,34547197765
7202571211,13606213900,34547197765
7202571211,57221529406,34547197765
13605380100,13606213900,34547197765
13605380100,57221529406,34547197765
13606213900,57221529406,34547197765
57197283294,7202571211,33947730443
57197283294,7101787731,33947730443
7202571211,7101787731,33947730443
7202571211,16067104900,33947607169
7202571211,7101787731,33947607169
7202571211,7005257938,33947607169
7202571211,6602625204,33947607169
16067104900,7101787731,33947607169
16067104900,7005257938,33947607169
16067104900,6602625204,33947607169
7101787731,7005257938,33947607169
7101787731,6602625204,33947607169
7005257938,6602625204,33947607169
6508075069,7202571211,33947597460
6508075069,7101787731,33947597460
6508075069,6701723241,33947597460
6508075069,6701709320,33947597460
7202571211,7101787731,33947597460
7202571211,6701723241,33947597460
7202571211,6701709320,33947597460
7101787731,6701723241,33947597460
7101787731,6701709320,33947597460
6701723241,6701709320,33947597460
7202571211,6602625204,33947572928
7202571211,7005257938,33947572928
7202571211,7101787731,33947572928
6602625204,7005257938,33947572928
6602625204,7101787731,33947572928
7005257938,7101787731,33947572928
7004158433,36980264000,34147196077
7004158433,57197031080,34147196077
7004158433,7202571211,34147196077
36980264000,57197031080,34147196077
36980264000,7202571211,34147196077
57197031080,7202571211,34147196077
7202571211,16067017200,33947587461
7202571211,6507337397,33947587461
7202571211,7006177098,33947587461
7202571211,7402429184,33947587461
16067017200,6507337397,33947587461
16067017200,7006177098,33947587461
16067017200,7402429184,33947587461
6507337397,7006177098,33947587461
6507337397,7402429184,33947587461
7006177098,7402429184,33947587461
6508075069,7202571211,33847140478
6508075069,7101787731,33847140478
6508075069,6701723241,33847140478
6508075069,6701709320,33847140478
7202571211,7101787731,33847140478
7202571211,6701723241,33847140478
7202571211,6701709320,33847140478
7101787731,6701723241,33847140478
7101787731,6701709320,33847140478
6701723241,6701709320,33847140478
6507992368,7003577023,33751520782
6507992368,7202571211,33751520782
7003577023,7202571211,33751520782
7202571211,6602625204,33748778475
7202571211,7005257938,33748778475
6602625204,7005257938,33748778475
7005727143,8605088900,33646676290
7005727143,13605977700,33646676290
7005727143,7202571211,33646676290
7005727143,13605380100,33646676290
7005727143,13605983300,33646676290
7005727143,13606213900,33646676290
8605088900,13605977700,33646676290
8605088900,7202571211,33646676290
8605088900,13605380100,33646676290
8605088900,13605983300,33646676290
8605088900,13606213900,33646676290
13605977700,7202571211,33646676290
13605977700,13605380100,33646676290
13605977700,13605983300,33646676290
13605977700,13606213900,33646676290
7202571211,13605380100,33646676290
7202571211,13605983300,33646676290
7202571211,13606213900,33646676290
13605380100,13605983300,33646676290
13605380100,13606213900,33646676290
13605983300,13606213900,33646676290
7005727143,8605088900,33244495483
7005727143,6603674094,33244495483
7005727143,7006359996,33244495483
7005727143,12645116400,33244495483
7005727143,7005432990,33244495483
7005727143,7202571211,33244495483
8605088900,6603674094,33244495483
8605088900,7006359996,33244495483
8605088900,12645116400,33244495483
8605088900,7005432990,33244495483
8605088900,7202571211,33244495483
6603674094,7006359996,33244495483
6603674094,12645116400,33244495483
6603674094,7005432990,33244495483
6603674094,7202571211,33244495483
7006359996,12645116400,33244495483
7006359996,7005432990,33244495483
7006359996,7202571211,33244495483
12645116400,7005432990,33244495483
12645116400,7202571211,33244495483
7005432990,7202571211,33244495483
7005727143,8605088900,33244482210
7005727143,7202571211,33244482210
7005727143,6603674094,33244482210
7005727143,7006359996,33244482210
8605088900,7202571211,33244482210
8605088900,6603674094,33244482210
8605088900,7006359996,33244482210
7202571211,6603674094,33244482210
7202571211,7006359996,33244482210
6603674094,7006359996,33244482210
6508075069,7202571211,33644624108
6508075069,7101787731,33644624108
6508075069,7005257938,33644624108
6508075069,7005727143,33644624108
7202571211,7101787731,33644624108
7202571211,7005257938,33644624108
7202571211,7005727143,33644624108
7101787731,7005257938,33644624108
7101787731,7005727143,33644624108
7005257938,7005727143,33644624108
8930095300,6507164054,26844575593
8930095300,15726534500,26844575593
8930095300,7202571211,26844575593
8930095300,7403026284,26844575593
8930095300,23569007000,26844575593
8930095300,6603050896,26844575593
8930095300,6701914423,26844575593
6507164054,15726534500,26844575593
6507164054,7202571211,26844575593
6507164054,7403026284,26844575593
6507164054,23569007000,26844575593
6507164054,6603050896,26844575593
6507164054,6701914423,26844575593
15726534500,7202571211,26844575593
15726534500,7403026284,26844575593
15726534500,23569007000,26844575593
15726534500,6603050896,26844575593
15726534500,6701914423,26844575593
7202571211,7403026284,26844575593
7202571211,23569007000,26844575593
7202571211,6603050896,26844575593
7202571211,6701914423,26844575593
7403026284,23569007000,26844575593
7403026284,6603050896,26844575593
7403026284,6701914423,26844575593
23569007000,6603050896,26844575593
23569007000,6701914423,26844575593
6603050896,6701914423,26844575593
15726534500,7202571211,26844527805
7203006815,7202571211,26844490615
7203006815,6507852635,26844490615
7203006815,7203089029,26844490615
7202571211,6507852635,26844490615
7202571211,7203089029,26844490615
6507852635,7203089029,26844490615
57213930388,7005727143,21644458371
57213930388,8605088900,21644458371
57213930388,6603674094,21644458371
57213930388,7006359996,21644458371
57213930388,7202571211,21644458371
7005727143,8605088900,21644458371
7005727143,6603674094,21644458371
7005727143,7006359996,21644458371
7005727143,7202571211,21644458371
8605088900,6603674094,21644458371
8605088900,7006359996,21644458371
8605088900,7202571211,21644458371
6603674094,7006359996,21644458371
6603674094,7202571211,21644458371
7006359996,7202571211,21644458371
57198280499,7202571211,85141722340
57198280499,7005727143,85141722340
7202571211,7005727143,85141722340
7005727143,8605088900,15544382397
7005727143,7202571211,15544382397
7005727143,6603674094,15544382397
7005727143,7006359996,15544382397
7005727143,6701380518,15544382397
7005727143,8212675800,15544382397
8605088900,7202571211,15544382397
8605088900,6603674094,15544382397
8605088900,7006359996,15544382397
8605088900,6701380518,15544382397
8605088900,8212675800,15544382397
7202571211,6603674094,15544382397
7202571211,7006359996,15544382397
7202571211,6701380518,15544382397
7202571211,8212675800,15544382397
6603674094,7006359996,15544382397
6603674094,6701380518,15544382397
6603674094,8212675800,15544382397
7006359996,6701380518,15544382397
7006359996,8212675800,15544382397
6701380518,8212675800,15544382397
8605088900,7006359996,10044236477
8605088900,6603674094,10044236477
8605088900,7202571211,10044236477
8605088900,7005727143,10044236477
8605088900,7202552197,10044236477
8605088900,6507109928,10044236477
7006359996,6603674094,10044236477
7006359996,7202571211,10044236477
7006359996,7005727143,10044236477
7006359996,7202552197,10044236477
7006359996,6507109928,10044236477
6603674094,7202571211,10044236477
6603674094,7005727143,10044236477
6603674094,7202552197,10044236477
6603674094,6507109928,10044236477
7202571211,7005727143,10044236477
7202571211,7202552197,10044236477
7202571211,6507109928,10044236477
7005727143,7202552197,10044236477
7005727143,6507109928,10044236477
7202552197,6507109928,10044236477
7003952565,7202713087,4544316422
7003952565,7202571211,4544316422
7003952565,57221529406,4544316422
7003952565,24364815800,4544316422
7202713087,7202571211,4544316422
7202713087,57221529406,4544316422
7202713087,24364815800,4544316422
7202571211,57221529406,4544316422
7202571211,24364815800,4544316422
57221529406,24364815800,4544316422
7203006815,7202571211,4544293217
7203006815,6507852635,4544293217
7202571211,6507852635,4544293217
7005727143,8605088900,2442501375
7005727143,7202571211,2442501375
7005727143,6603674094,2442501375
7005727143,7006359996,2442501375
7005727143,6701380518,2442501375
7005727143,58451030900,2442501375
7005727143,25947368300,2442501375
7005727143,56439565800,2442501375
7005727143,6507442730,2442501375
8605088900,7202571211,2442501375
8605088900,6603674094,2442501375
8605088900,7006359996,2442501375
8605088900,6701380518,2442501375
8605088900,58451030900,2442501375
8605088900,25947368300,2442501375
8605088900,56439565800,2442501375
8605088900,6507442730,2442501375
7202571211,6603674094,2442501375
7202571211,7006359996,2442501375
7202571211,6701380518,2442501375
7202571211,58451030900,2442501375
7202571211,25947368300,2442501375
7202571211,56439565800,2442501375
7202571211,6507442730,2442501375
6603674094,7006359996,2442501375
6603674094,6701380518,2442501375
6603674094,58451030900,2442501375
6603674094,25947368300,2442501375
6603674094,56439565800,2442501375
6603674094,6507442730,2442501375
7006359996,6701380518,2442501375
7006359996,58451030900,2442501375
7006359996,25947368300,2442501375
7006359996,56439565800,2442501375
7006359996,6507442730,2442501375
6701380518,58451030900,2442501375
6701380518,25947368300,2442501375
6701380518,56439565800,2442501375
6701380518,6507442730,2442501375
58451030900,25947368300,2442501375
58451030900,56439565800,2442501375
58451030900,6507442730,2442501375
25947368300,56439565800,2442501375
25947368300,6507442730,2442501375
56439565800,6507442730,2442501375
7202571211,6507337397,2042517593
7202571211,6507164054,2042517593
7202571211,7201367382,2042517593
7202571211,7005540057,2042517593
7202571211,7006177098,2042517593
6507337397,6507164054,2042517593
6507337397,7201367382,2042517593
6507337397,7005540057,2042517593
6507337397,7006177098,2042517593
6507164054,7201367382,2042517593
6507164054,7005540057,2042517593
6507164054,7006177098,2042517593
7201367382,7005540057,2042517593
7201367382,7006177098,2042517593
7005540057,7006177098,2042517593
6508075069,7101787731,8744269533
6508075069,7202571211,8744269533
7101787731,7202571211,8744269533
57197283294,7101787731,8744256590
57197283294,7202571211,8744256590
7101787731,7202571211,8744256590
7202571211,6602625204,8644285548
7202571211,7005257938,8644285548
7202571211,7101787731,8644285548
6602625204,7005257938,8644285548
6602625204,7101787731,8644285548
7005257938,7101787731,8644285548
7202571211,7101787728,8644250609
7202571211,6602625204,8644250609
7202571211,7005257938,8644250609
7202571211,7101787731,8644250609
7202571211,6701383644,8644250609
7101787728,6602625204,8644250609
7101787728,7005257938,8644250609
7101787728,7101787731,8644250609
7101787728,6701383644,8644250609
6602625204,7005257938,8644250609
6602625204,7101787731,8644250609
6602625204,6701383644,8644250609
7005257938,7101787731,8644250609
7005257938,6701383644,8644250609
7101787731,6701383644,8644250609
6507164054,7202571211,0142091244
6507164054,7006177098,0142091244
7202571211,7006177098,0142091244
6507337397,7202571211,0142060637
6507337397,7201367382,0142060637
6507337397,55427100000,0142060637
6507337397,7005540057,0142060637
6507337397,7006177098,0142060637
7202571211,7201367382,0142060637
7202571211,55427100000,0142060637
7202571211,7005540057,0142060637
7202571211,7006177098,0142060637
7201367382,55427100000,0142060637
7201367382,7005540057,0142060637
7201367382,7006177098,0142060637
55427100000,7005540057,0142060637
55427100000,7006177098,0142060637
7005540057,7006177098,0142060637
57214557232,6507992368,0036234168
57214557232,7007081970,0036234168
57214557232,7005714951,0036234168
57214557232,7202571211,0036234168
6507992368,7007081970,0036234168
6507992368,7005714951,0036234168
6507992368,7202571211,0036234168
7007081970,7005714951,0036234168
7007081970,7202571211,0036234168
7005714951,7202571211,0036234168
7202571211,7005257938,0036170954
7202571211,6602625204,0036170954
7005257938,6602625204,0036170954
7202571211,57197283294,0036170084
7202571211,7101787731,0036170084
7202571211,35334580500,0036170084
7202571211,57214377356,0036170084
57197283294,7101787731,0036170084
57197283294,35334580500,0036170084
57197283294,57214377356,0036170084
7101787731,35334580500,0036170084
7101787731,57214377356,0036170084
35334580500,57214377356,0036170084
7202571211,57197283294,0036168706
7202571211,7101787731,0036168706
7202571211,6508075069,0036168706
57197283294,7101787731,0036168706
57197283294,6508075069,0036168706
7101787731,6508075069,0036168706
7202571211,58423902300,0035906571
7202571211,55118657500,0035906571
58423902300,55118657500,0035906571
7202571211,57197283294,0035025254
7202571211,7101787731,0035025254
7202571211,6701709320,0035025254
57197283294,7101787731,0035025254
57197283294,6701709320,0035025254
7101787731,6701709320,0035025254
7202571211,6602625204,0035007474
7202571211,7005257938,0035007474
7202571211,7101787731,0035007474
7202571211,6701709320,0035007474
6602625204,7005257938,0035007474
6602625204,7101787731,0035007474
6602625204,6701709320,0035007474
7005257938,7101787731,0035007474
7005257938,6701709320,0035007474
7101787731,6701709320,0035007474
7202571211,6602625204,0034312911
7202571211,7005257938,0034312911
6602625204,7005257938,0034312911
